# model	pretrain_dataset	pretrain_task_level	pretrain_induced	pretrain_method	dataset	 task_level	induced	task_type	 fixed_split	finetune_method	graphprompt_plus	gpf_plus	edgeprompt_plus
gat	 airports	 node	 True	 attr_masking	airports	node	 True	classification	(5,0.0,1.0)	supervised	 -	 -	 -
gat	 airports	 node	 True	 context_pred	airports	node	 True	classification	(5,0.0,1.0)	supervised	 -	 -	 -
gat	 airports	 node	 True	 dgi	 airports	node	 True	classification	(5,0.0,1.0)	supervised	 -	 -	 -
gat	 airports	 node	 True	 edge_pred	 airports	node	 True	classification	(5,0.0,1.0)	supervised	 -	 -	 -
gat	 airports	 node	 True	 graphcl	 airports	node	 True	classification	(5,0.0,1.0)	supervised	 -	 -	 -
gat	 airports	 node	 True	 infograph	 airports	node	 True	classification	(5,0.0,1.0)	supervised	 -	 -	 -
gat	 ogbn-arxiv	 node	 True	 attr_masking	ogbn-arxiv	node	 True	classification	(5,0.0,1.0)	supervised	 -	 -	 -
gat	 ogbn-arxiv	 node	 True	 context_pred	ogbn-arxiv	node	 True	classification	(5,0.0,1.0)	supervised	 -	 -	 -
gat	 ogbn-arxiv	 node	 True	 dgi	 ogbn-arxiv	node	 True	classification	(5,0.0,1.0)	supervised	 -	 -	 -
gat	 ogbn-arxiv	 node	 True	 edge_pred	 ogbn-arxiv	node	 True	classification	(5,0.0,1.0)	supervised	 -	 -	 -
gat	 ogbn-arxiv	 node	 True	 graphcl	 ogbn-arxiv	node	 True	classification	(5,0.0,1.0)	supervised	 -	 -	 -
gat	 ogbn-arxiv	 node	 True	 infograph	 ogbn-arxiv	node	 True	classification	(5,0.0,1.0)	supervised	 -	 -	 -
gat	 qm7b	 graph	 False	 attr_masking	qm7b	 graph	 False	regression	 (5,0.0,1.0)	supervised	 -	 -	 -
gat	 qm7b	 graph	 False	 context_pred	qm7b	 graph	 False	regression	 (5,0.0,1.0)	supervised	 -	 -	 -
gat	 qm7b	 graph	 False	 dgi	 qm7b	 graph	 False	regression	 (5,0.0,1.0)	supervised	 -	 -	 -
gat	 qm7b	 graph	 False	 edge_pred	 qm7b	 graph	 False	regression	 (5,0.0,1.0)	supervised	 -	 -	 -
gat	 qm7b	 graph	 False	 graphcl	 qm7b	 graph	 False	regression	 (5,0.0,1.0)	supervised	 -	 -	 -
gat	 qm7b	 graph	 False	 infograph	 qm7b	 graph	 False	regression	 (5,0.0,1.0)	supervised	 -	 -	 -
gat	 toxcast	 graph	 False	 attr_masking	toxcast	 graph	 False	classification	(5,0.0,1.0)	supervised	 -	 -	 -
gat	 toxcast	 graph	 False	 context_pred	toxcast	 graph	 False	classification	(5,0.0,1.0)	supervised	 -	 -	 -
gat	 toxcast	 graph	 False	 dgi	 toxcast	 graph	 False	classification	(5,0.0,1.0)	supervised	 -	 -	 -
gat	 toxcast	 graph	 False	 edge_pred	 toxcast	 graph	 False	classification	(5,0.0,1.0)	supervised	 -	 -	 -
gat	 toxcast	 graph	 False	 graphcl	 toxcast	 graph	 False	classification	(5,0.0,1.0)	supervised	 -	 -	 -
gat	 toxcast	 graph	 False	 infograph	 toxcast	 graph	 False	classification	(5,0.0,1.0)	supervised	 -	 -	 -
gat	 mnist	 graph	 False	 attr_masking	mnist	graph	 False	classification	(5,0.0,1.0)	supervised	-	-	-
gat	 mnist	 graph	 False	 context_pred	mnist	graph	 False	classification	(5,0.0,1.0)	supervised	-	-	-
gat	 mnist	 graph	 False	 dgi	 mnist	graph	 False	classification	(5,0.0,1.0)	supervised	-	-	-
gat	 mnist	 graph	 False	 edge_pred	 mnist	graph	 False	classification	(5,0.0,1.0)	supervised	-	-	-
gat	 mnist	 graph	 False	 graphcl	 mnist	graph	 False	classification	(5,0.0,1.0)	supervised	-	-	-
gat	 mnist	 graph	 False	 infograph	 mnist	graph	 False	classification	(5,0.0,1.0)	supervised	-	-	-
gat	 chameleon	 node	 True	 attr_masking	chameleon	node	 True	classification	(5,0.0,1.0)	supervised	-	-	-
gat	 chameleon	 node	 True	 context_pred	chameleon	node	 True	classification	(5,0.0,1.0)	supervised	-	-	-
gat	 chameleon	 node	 True	 dgi	 chameleon	node	 True	classification	(5,0.0,1.0)	supervised	-	-	-
gat	 chameleon	 node	 True	 edge_pred	 chameleon	node	 True	classification	(5,0.0,1.0)	supervised	-	-	-
gat	 chameleon	 node	 True	 graphcl	 chameleon	node	 True	classification	(5,0.0,1.0)	supervised	-	-	-
gat	 chameleon	 node	 True	 infograph	 chameleon	node	 True	classification	(5,0.0,1.0)	supervised	-	-	-
gat	 cornell	 node	 True	 attr_masking	cornell	edge	 True	classification	(0.05,0.1,0.1)	supervised	-	-	-
gat	 cornell	 node	 True	 context_pred	cornell	edge	 True	classification	(0.05,0.1,0.1)	supervised	-	-	-
gat	 cornell	 node	 True	 dgi	 cornell	edge	 True	classification	(0.05,0.1,0.1)	supervised	-	-	-
gat	 cornell	 node	 True	 edge_pred	 cornell	edge	 True	classification	(0.05,0.1,0.1)	supervised	-	-	-
gat	 cornell	 node	 True	 graphcl	 cornell	edge	 True	classification	(0.05,0.1,0.1)	supervised	-	-	-
gat	 cornell	 node	 True	 infograph	 cornell	edge	 True	classification	(0.05,0.1,0.1)	supervised	-	-	-
gat	 airports	 node	 True	 attr_masking	airports	node	 True	classification	(100,0.0,1.0)	supervised	 -	 -	 -
gat	 airports	 node	 True	 context_pred	airports	node	 True	classification	(100,0.0,1.0)	supervised	 -	 -	 -
gat	 airports	 node	 True	 dgi	 airports	node	 True	classification	(100,0.0,1.0)	supervised	 -	 -	 -
gat	 airports	 node	 True	 edge_pred	 airports	node	 True	classification	(100,0.0,1.0)	supervised	 -	 -	 -
gat	 airports	 node	 True	 graphcl	 airports	node	 True	classification	(100,0.0,1.0)	supervised	 -	 -	 -
gat	 airports	 node	 True	 infograph	 airports	node	 True	classification	(100,0.0,1.0)	supervised	 -	 -	 -
gat	 ogbn-arxiv	 node	 True	 attr_masking	ogbn-arxiv	node	 True	classification	(100,0.0,1.0)	supervised	 -	 -	 -
gat	 ogbn-arxiv	 node	 True	 context_pred	ogbn-arxiv	node	 True	classification	(100,0.0,1.0)	supervised	 -	 -	 -
gat	 ogbn-arxiv	 node	 True	 dgi	 ogbn-arxiv	node	 True	classification	(100,0.0,1.0)	supervised	 -	 -	 -
gat	 ogbn-arxiv	 node	 True	 edge_pred	 ogbn-arxiv	node	 True	classification	(100,0.0,1.0)	supervised	 -	 -	 -
gat	 ogbn-arxiv	 node	 True	 graphcl	 ogbn-arxiv	node	 True	classification	(100,0.0,1.0)	supervised	 -	 -	 -
gat	 ogbn-arxiv	 node	 True	 infograph	 ogbn-arxiv	node	 True	classification	(100,0.0,1.0)	supervised	 -	 -	 -
gat	 qm7b	 graph	 False	 attr_masking	qm7b	 graph	 False	regression	 (100,0.0,1.0)	supervised	 -	 -	 -
gat	 qm7b	 graph	 False	 context_pred	qm7b	 graph	 False	regression	 (100,0.0,1.0)	supervised	 -	 -	 -
gat	 qm7b	 graph	 False	 dgi	 qm7b	 graph	 False	regression	 (100,0.0,1.0)	supervised	 -	 -	 -
gat	 qm7b	 graph	 False	 edge_pred	 qm7b	 graph	 False	regression	 (100,0.0,1.0)	supervised	 -	 -	 -
gat	 qm7b	 graph	 False	 graphcl	 qm7b	 graph	 False	regression	 (100,0.0,1.0)	supervised	 -	 -	 -
gat	 qm7b	 graph	 False	 infograph	 qm7b	 graph	 False	regression	 (100,0.0,1.0)	supervised	 -	 -	 -
gat	 toxcast	 graph	 False	 attr_masking	toxcast	 graph	 False	classification	(100,0.0,1.0)	supervised	 -	 -	 -
gat	 toxcast	 graph	 False	 context_pred	toxcast	 graph	 False	classification	(100,0.0,1.0)	supervised	 -	 -	 -
gat	 toxcast	 graph	 False	 dgi	 toxcast	 graph	 False	classification	(100,0.0,1.0)	supervised	 -	 -	 -
gat	 toxcast	 graph	 False	 edge_pred	 toxcast	 graph	 False	classification	(100,0.0,1.0)	supervised	 -	 -	 -
gat	 toxcast	 graph	 False	 graphcl	 toxcast	 graph	 False	classification	(100,0.0,1.0)	supervised	 -	 -	 -
gat	 toxcast	 graph	 False	 infograph	 toxcast	 graph	 False	classification	(100,0.0,1.0)	supervised	 -	 -	 -
gat	 mnist	 graph	 False	 attr_masking	mnist	graph	 False	classification	(100,0.0,1.0)	supervised	-	-	-
gat	 mnist	 graph	 False	 context_pred	mnist	graph	 False	classification	(100,0.0,1.0)	supervised	-	-	-
gat	 mnist	 graph	 False	 dgi	 mnist	graph	 False	classification	(100,0.0,1.0)	supervised	-	-	-
gat	 mnist	 graph	 False	 edge_pred	 mnist	graph	 False	classification	(100,0.0,1.0)	supervised	-	-	-
gat	 mnist	 graph	 False	 graphcl	 mnist	graph	 False	classification	(100,0.0,1.0)	supervised	-	-	-
gat	 mnist	 graph	 False	 infograph	 mnist	graph	 False	classification	(100,0.0,1.0)	supervised	-	-	-
gat	 chameleon	 node	 True	 attr_masking	chameleon	node	 True	classification	(100,0.0,1.0)	supervised	-	-	-
gat	 chameleon	 node	 True	 context_pred	chameleon	node	 True	classification	(100,0.0,1.0)	supervised	-	-	-
gat	 chameleon	 node	 True	 dgi	 chameleon	node	 True	classification	(100,0.0,1.0)	supervised	-	-	-
gat	 chameleon	 node	 True	 edge_pred	 chameleon	node	 True	classification	(100,0.0,1.0)	supervised	-	-	-
gat	 chameleon	 node	 True	 graphcl	 chameleon	node	 True	classification	(100,0.0,1.0)	supervised	-	-	-
gat	 chameleon	 node	 True	 infograph	 chameleon	node	 True	classification	(100,0.0,1.0)	supervised	-	-	-
gat	 cornell	 node	 True	 attr_masking	cornell	edge	 True	classification	(0.1,0.05,0.1)	supervised	-	-	-
gat	 cornell	 node	 True	 context_pred	cornell	edge	 True	classification	(0.1,0.05,0.1)	supervised	-	-	-
gat	 cornell	 node	 True	 dgi	 cornell	edge	 True	classification	(0.1,0.05,0.1)	supervised	-	-	-
gat	 cornell	 node	 True	 edge_pred	 cornell	edge	 True	classification	(0.1,0.05,0.1)	supervised	-	-	-
gat	 cornell	 node	 True	 graphcl	 cornell	edge	 True	classification	(0.1,0.05,0.1)	supervised	-	-	-
gat	 cornell	 node	 True	 infograph	 cornell	edge	 True	classification	(0.1,0.05,0.1)	supervised	-	-	-
gat	 airports	 node	 True	 attr_masking	 airports	 node	 True	classification	(5,0.0,1.0)	all_in_one	 -	 -	 -
gat	 airports	 node	 True	 attr_masking	 airports	 node	 True	classification	(5,0.0,1.0)	 edgeprompt	 -	 -	 False
gat	 airports	 node	 True	 attr_masking	 airports	 node	 True	classification	(5,0.0,1.0)	 edgeprompt	 -	 -	 True
gat	 airports	 node	 True	 attr_masking	 airports	 node	 True	classification	(5,0.0,1.0)	gpf	 -	 False	 -
gat	 airports	 node	 True	 attr_masking	 airports	 node	 True	classification	(5,0.0,1.0)	gpf	 -	 True	 -
gat	 airports	 node	 True	 attr_masking	 airports	 node	 True	classification	(5,0.0,1.0)	gppt	 -	 -	 -
gat	 airports	 node	 True	 attr_masking	 airports	 node	 True	classification	(5,0.0,1.0)	graphprompt	 False	 -	 -
gat	 airports	 node	 True	 attr_masking	 airports	 node	 True	classification	(5,0.0,1.0)	graphprompt	 True	 -	 -
gat	 ogbn-arxiv	 node	 True	 attr_masking	 ogbn-arxiv	 node	 True	classification	(5,0.0,1.0)	all_in_one	 -	 -	 -
gat	 ogbn-arxiv	 node	 True	 attr_masking	 ogbn-arxiv	 node	 True	classification	(5,0.0,1.0)	 edgeprompt	 -	 -	 False
gat	 ogbn-arxiv	 node	 True	 attr_masking	 ogbn-arxiv	 node	 True	classification	(5,0.0,1.0)	 edgeprompt	 -	 -	 True
gat	 ogbn-arxiv	 node	 True	 attr_masking	 ogbn-arxiv	 node	 True	classification	(5,0.0,1.0)	gpf	 -	 False	 -
gat	 ogbn-arxiv	 node	 True	 attr_masking	 ogbn-arxiv	 node	 True	classification	(5,0.0,1.0)	gpf	 -	 True	 -
gat	 ogbn-arxiv	 node	 True	 attr_masking	 ogbn-arxiv	 node	 True	classification	(5,0.0,1.0)	gppt	 -	 -	 -
gat	 ogbn-arxiv	 node	 True	 attr_masking	 ogbn-arxiv	 node	 True	classification	(5,0.0,1.0)	graphprompt	 False	 -	 -
gat	 ogbn-arxiv	 node	 True	 attr_masking	 ogbn-arxiv	 node	 True	classification	(5,0.0,1.0)	graphprompt	 True	 -	 -
gat	 qm7b	 graph	 False	 attr_masking	 qm7b	 graph	 False	regression	(5,0.0,1.0)	all_in_one	 -	 -	 -
gat	 qm7b	 graph	 False	 attr_masking	 qm7b	 graph	 False	regression	(5,0.0,1.0)	 edgeprompt	 -	 -	 False
gat	 qm7b	 graph	 False	 attr_masking	 qm7b	 graph	 False	regression	(5,0.0,1.0)	 edgeprompt	 -	 -	 True
gat	 qm7b	 graph	 False	 attr_masking	 qm7b	 graph	 False	regression	(5,0.0,1.0)	gpf	 -	 False	 -
gat	 qm7b	 graph	 False	 attr_masking	 qm7b	 graph	 False	regression	(5,0.0,1.0)	gpf	 -	 True	 -
gat	 qm7b	 graph	 False	 attr_masking	 qm7b	 graph	 False	regression	(5,0.0,1.0)	gppt	 -	 -	 -
gat	 qm7b	 graph	 False	 attr_masking	 qm7b	 graph	 False	regression	(5,0.0,1.0)	graphprompt	 False	 -	 -
gat	 qm7b	 graph	 False	 attr_masking	 qm7b	 graph	 False	regression	(5,0.0,1.0)	graphprompt	 True	 -	 -
gat	 toxcast	 graph	 False	 attr_masking	 toxcast	 graph	 False	classification	(5,0.0,1.0)	all_in_one	 -	 -	 -
gat	 toxcast	 graph	 False	 attr_masking	 toxcast	 graph	 False	classification	(5,0.0,1.0)	 edgeprompt	 -	 -	 False
gat	 toxcast	 graph	 False	 attr_masking	 toxcast	 graph	 False	classification	(5,0.0,1.0)	 edgeprompt	 -	 -	 True
gat	 toxcast	 graph	 False	 attr_masking	 toxcast	 graph	 False	classification	(5,0.0,1.0)	gpf	 -	 False	 -
gat	 toxcast	 graph	 False	 attr_masking	 toxcast	 graph	 False	classification	(5,0.0,1.0)	gpf	 -	 True	 -
gat	 toxcast	 graph	 False	 attr_masking	 toxcast	 graph	 False	classification	(5,0.0,1.0)	gppt	 -	 -	 -
gat	 toxcast	 graph	 False	 attr_masking	 toxcast	 graph	 False	classification	(5,0.0,1.0)	graphprompt	 False	 -	 -
gat	 toxcast	 graph	 False	 attr_masking	 toxcast	 graph	 False	classification	(5,0.0,1.0)	graphprompt	 True	 -	 -
gat	 mnist	 graph	 False	 attr_masking	 mnist	 graph	 False	classification	(5,0.0,1.0)	all_in_one	 -	 -	 -
gat	 mnist	 graph	 False	 attr_masking	 mnist	 graph	 False	classification	(5,0.0,1.0)	 edgeprompt	 -	 -	 False
gat	 mnist	 graph	 False	 attr_masking	 mnist	 graph	 False	classification	(5,0.0,1.0)	 edgeprompt	 -	 -	 True
gat	 mnist	 graph	 False	 attr_masking	 mnist	 graph	 False	classification	(5,0.0,1.0)	gpf	 -	 False	 -
gat	 mnist	 graph	 False	 attr_masking	 mnist	 graph	 False	classification	(5,0.0,1.0)	gpf	 -	 True	 -
gat	 mnist	 graph	 False	 attr_masking	 mnist	 graph	 False	classification	(5,0.0,1.0)	gppt	 -	 -	 -
gat	 mnist	 graph	 False	 attr_masking	 mnist	 graph	 False	classification	(5,0.0,1.0)	graphprompt	 False	 -	 -
gat	 mnist	 graph	 False	 attr_masking	 mnist	 graph	 False	classification	(5,0.0,1.0)	graphprompt	 True	 -	 -
gat	 chameleon	 node	 True	 attr_masking	 chameleon	 node	 True	classification	(5,0.0,1.0)	all_in_one	 -	 -	 -
gat	 chameleon	 node	 True	 attr_masking	 chameleon	 node	 True	classification	(5,0.0,1.0)	 edgeprompt	 -	 -	 False
gat	 chameleon	 node	 True	 attr_masking	 chameleon	 node	 True	classification	(5,0.0,1.0)	 edgeprompt	 -	 -	 True
gat	 chameleon	 node	 True	 attr_masking	 chameleon	 node	 True	classification	(5,0.0,1.0)	gpf	 -	 False	 -
gat	 chameleon	 node	 True	 attr_masking	 chameleon	 node	 True	classification	(5,0.0,1.0)	gpf	 -	 True	 -
gat	 chameleon	 node	 True	 attr_masking	 chameleon	 node	 True	classification	(5,0.0,1.0)	gppt	 -	 -	 -
gat	 chameleon	 node	 True	 attr_masking	 chameleon	 node	 True	classification	(5,0.0,1.0)	graphprompt	 False	 -	 -
gat	 chameleon	 node	 True	 attr_masking	 chameleon	 node	 True	classification	(5,0.0,1.0)	graphprompt	 True	 -	 -
gat	 cornell	 node	 True	 attr_masking	 cornell	 edge	 True	classification	(0.05,0.1,0.1)	all_in_one	 -	 -	 -
gat	 cornell	 node	 True	 attr_masking	 cornell	 edge	 True	classification	(0.05,0.1,0.1)	 edgeprompt	 -	 -	 False
gat	 cornell	 node	 True	 attr_masking	 cornell	 edge	 True	classification	(0.05,0.1,0.1)	 edgeprompt	 -	 -	 True
gat	 cornell	 node	 True	 attr_masking	 cornell	 edge	 True	classification	(0.05,0.1,0.1)	gpf	 -	 False	 -
gat	 cornell	 node	 True	 attr_masking	 cornell	 edge	 True	classification	(0.05,0.1,0.1)	gpf	 -	 True	 -
gat	 cornell	 node	 True	 attr_masking	 cornell	 edge	 True	classification	(0.05,0.1,0.1)	gppt	 -	 -	 -
gat	 cornell	 node	 True	 attr_masking	 cornell	 edge	 True	classification	(0.05,0.1,0.1)	graphprompt	 False	 -	 -
gat	 cornell	 node	 True	 attr_masking	 cornell	 edge	 True	classification	(0.05,0.1,0.1)	graphprompt	 True	 -	 -
gat	 airports	 node	 True	 attr_masking	 airports	 node	 True	classification	(100,0.0,1.0)	all_in_one	 -	 -	 -
gat	 airports	 node	 True	 attr_masking	 airports	 node	 True	classification	(100,0.0,1.0)	 edgeprompt	 -	 -	 False
gat	 airports	 node	 True	 attr_masking	 airports	 node	 True	classification	(100,0.0,1.0)	 edgeprompt	 -	 -	 True
gat	 airports	 node	 True	 attr_masking	 airports	 node	 True	classification	(100,0.0,1.0)	gpf	 -	 False	 -
gat	 airports	 node	 True	 attr_masking	 airports	 node	 True	classification	(100,0.0,1.0)	gpf	 -	 True	 -
gat	 airports	 node	 True	 attr_masking	 airports	 node	 True	classification	(100,0.0,1.0)	gppt	 -	 -	 -
gat	 airports	 node	 True	 attr_masking	 airports	 node	 True	classification	(100,0.0,1.0)	graphprompt	 False	 -	 -
gat	 airports	 node	 True	 attr_masking	 airports	 node	 True	classification	(100,0.0,1.0)	graphprompt	 True	 -	 -
gat	 ogbn-arxiv	 node	 True	 attr_masking	 ogbn-arxiv	 node	 True	classification	(100,0.0,1.0)	all_in_one	 -	 -	 -
gat	 ogbn-arxiv	 node	 True	 attr_masking	 ogbn-arxiv	 node	 True	classification	(100,0.0,1.0)	 edgeprompt	 -	 -	 False
gat	 ogbn-arxiv	 node	 True	 attr_masking	 ogbn-arxiv	 node	 True	classification	(100,0.0,1.0)	 edgeprompt	 -	 -	 True
gat	 ogbn-arxiv	 node	 True	 attr_masking	 ogbn-arxiv	 node	 True	classification	(100,0.0,1.0)	gpf	 -	 False	 -
gat	 ogbn-arxiv	 node	 True	 attr_masking	 ogbn-arxiv	 node	 True	classification	(100,0.0,1.0)	gpf	 -	 True	 -
gat	 ogbn-arxiv	 node	 True	 attr_masking	 ogbn-arxiv	 node	 True	classification	(100,0.0,1.0)	gppt	 -	 -	 -
gat	 ogbn-arxiv	 node	 True	 attr_masking	 ogbn-arxiv	 node	 True	classification	(100,0.0,1.0)	graphprompt	 False	 -	 -
gat	 ogbn-arxiv	 node	 True	 attr_masking	 ogbn-arxiv	 node	 True	classification	(100,0.0,1.0)	graphprompt	 True	 -	 -
gat	 qm7b	 graph	 False	 attr_masking	 qm7b	 graph	 False	regression	(100,0.0,1.0)	all_in_one	 -	 -	 -
gat	 qm7b	 graph	 False	 attr_masking	 qm7b	 graph	 False	regression	(100,0.0,1.0)	 edgeprompt	 -	 -	 False
gat	 qm7b	 graph	 False	 attr_masking	 qm7b	 graph	 False	regression	(100,0.0,1.0)	 edgeprompt	 -	 -	 True
gat	 qm7b	 graph	 False	 attr_masking	 qm7b	 graph	 False	regression	(100,0.0,1.0)	gpf	 -	 False	 -
gat	 qm7b	 graph	 False	 attr_masking	 qm7b	 graph	 False	regression	(100,0.0,1.0)	gpf	 -	 True	 -
gat	 qm7b	 graph	 False	 attr_masking	 qm7b	 graph	 False	regression	(100,0.0,1.0)	gppt	 -	 -	 -
gat	 qm7b	 graph	 False	 attr_masking	 qm7b	 graph	 False	regression	(100,0.0,1.0)	graphprompt	 False	 -	 -
gat	 qm7b	 graph	 False	 attr_masking	 qm7b	 graph	 False	regression	(100,0.0,1.0)	graphprompt	 True	 -	 -
gat	 toxcast	 graph	 False	 attr_masking	 toxcast	 graph	 False	classification	(100,0.0,1.0)	all_in_one	 -	 -	 -
gat	 toxcast	 graph	 False	 attr_masking	 toxcast	 graph	 False	classification	(100,0.0,1.0)	 edgeprompt	 -	 -	 False
gat	 toxcast	 graph	 False	 attr_masking	 toxcast	 graph	 False	classification	(100,0.0,1.0)	 edgeprompt	 -	 -	 True
gat	 toxcast	 graph	 False	 attr_masking	 toxcast	 graph	 False	classification	(100,0.0,1.0)	gpf	 -	 False	 -
gat	 toxcast	 graph	 False	 attr_masking	 toxcast	 graph	 False	classification	(100,0.0,1.0)	gpf	 -	 True	 -
gat	 toxcast	 graph	 False	 attr_masking	 toxcast	 graph	 False	classification	(100,0.0,1.0)	gppt	 -	 -	 -
gat	 toxcast	 graph	 False	 attr_masking	 toxcast	 graph	 False	classification	(100,0.0,1.0)	graphprompt	 False	 -	 -
gat	 toxcast	 graph	 False	 attr_masking	 toxcast	 graph	 False	classification	(100,0.0,1.0)	graphprompt	 True	 -	 -
gat	 mnist	 graph	 False	 attr_masking	 mnist	 graph	 False	classification	(100,0.0,1.0)	all_in_one	 -	 -	 -
gat	 mnist	 graph	 False	 attr_masking	 mnist	 graph	 False	classification	(100,0.0,1.0)	 edgeprompt	 -	 -	 False
gat	 mnist	 graph	 False	 attr_masking	 mnist	 graph	 False	classification	(100,0.0,1.0)	 edgeprompt	 -	 -	 True
gat	 mnist	 graph	 False	 attr_masking	 mnist	 graph	 False	classification	(100,0.0,1.0)	gpf	 -	 False	 -
gat	 mnist	 graph	 False	 attr_masking	 mnist	 graph	 False	classification	(100,0.0,1.0)	gpf	 -	 True	 -
gat	 mnist	 graph	 False	 attr_masking	 mnist	 graph	 False	classification	(100,0.0,1.0)	gppt	 -	 -	 -
gat	 mnist	 graph	 False	 attr_masking	 mnist	 graph	 False	classification	(100,0.0,1.0)	graphprompt	 False	 -	 -
gat	 mnist	 graph	 False	 attr_masking	 mnist	 graph	 False	classification	(100,0.0,1.0)	graphprompt	 True	 -	 -
gat	 chameleon	 node	 True	 attr_masking	 chameleon	 node	 True	classification	(100,0.0,1.0)	all_in_one	 -	 -	 -
gat	 chameleon	 node	 True	 attr_masking	 chameleon	 node	 True	classification	(100,0.0,1.0)	 edgeprompt	 -	 -	 False
gat	 chameleon	 node	 True	 attr_masking	 chameleon	 node	 True	classification	(100,0.0,1.0)	 edgeprompt	 -	 -	 True
gat	 chameleon	 node	 True	 attr_masking	 chameleon	 node	 True	classification	(100,0.0,1.0)	gpf	 -	 False	 -
gat	 chameleon	 node	 True	 attr_masking	 chameleon	 node	 True	classification	(100,0.0,1.0)	gpf	 -	 True	 -
gat	 chameleon	 node	 True	 attr_masking	 chameleon	 node	 True	classification	(100,0.0,1.0)	gppt	 -	 -	 -
gat	 chameleon	 node	 True	 attr_masking	 chameleon	 node	 True	classification	(100,0.0,1.0)	graphprompt	 False	 -	 -
gat	 chameleon	 node	 True	 attr_masking	 chameleon	 node	 True	classification	(100,0.0,1.0)	graphprompt	 True	 -	 -
gat	 cornell	 node	 True	 attr_masking	 cornell	 edge	 True	classification	(0.1,0.05,0.1)	all_in_one	 -	 -	 -
gat	 cornell	 node	 True	 attr_masking	 cornell	 edge	 True	classification	(0.1,0.05,0.1)	 edgeprompt	 -	 -	 False
gat	 cornell	 node	 True	 attr_masking	 cornell	 edge	 True	classification	(0.1,0.05,0.1)	 edgeprompt	 -	 -	 True
gat	 cornell	 node	 True	 attr_masking	 cornell	 edge	 True	classification	(0.1,0.05,0.1)	gpf	 -	 False	 -
gat	 cornell	 node	 True	 attr_masking	 cornell	 edge	 True	classification	(0.1,0.05,0.1)	gpf	 -	 True	 -
gat	 cornell	 node	 True	 attr_masking	 cornell	 edge	 True	classification	(0.1,0.05,0.1)	gppt	 -	 -	 -
gat	 cornell	 node	 True	 attr_masking	 cornell	 edge	 True	classification	(0.1,0.05,0.1)	graphprompt	 False	 -	 -
gat	 cornell	 node	 True	 attr_masking	 cornell	 edge	 True	classification	(0.1,0.05,0.1)	graphprompt	 True	 -	 -
gat	 airports	 node	 True	 context_pred	 airports	 node	 True	classification	(5,0.0,1.0)	all_in_one	 -	 -	 -
gat	 airports	 node	 True	 context_pred	 airports	 node	 True	classification	(5,0.0,1.0)	 edgeprompt	 -	 -	 False
gat	 airports	 node	 True	 context_pred	 airports	 node	 True	classification	(5,0.0,1.0)	 edgeprompt	 -	 -	 True
gat	 airports	 node	 True	 context_pred	 airports	 node	 True	classification	(5,0.0,1.0)	gpf	 -	 False	 -
gat	 airports	 node	 True	 context_pred	 airports	 node	 True	classification	(5,0.0,1.0)	gpf	 -	 True	 -
gat	 airports	 node	 True	 context_pred	 airports	 node	 True	classification	(5,0.0,1.0)	gppt	 -	 -	 -
gat	 airports	 node	 True	 context_pred	 airports	 node	 True	classification	(5,0.0,1.0)	graphprompt	 False	 -	 -
gat	 airports	 node	 True	 context_pred	 airports	 node	 True	classification	(5,0.0,1.0)	graphprompt	 True	 -	 -
gat	 ogbn-arxiv	 node	 True	 context_pred	 ogbn-arxiv	 node	 True	classification	(5,0.0,1.0)	all_in_one	 -	 -	 -
gat	 ogbn-arxiv	 node	 True	 context_pred	 ogbn-arxiv	 node	 True	classification	(5,0.0,1.0)	 edgeprompt	 -	 -	 False
gat	 ogbn-arxiv	 node	 True	 context_pred	 ogbn-arxiv	 node	 True	classification	(5,0.0,1.0)	 edgeprompt	 -	 -	 True
gat	 ogbn-arxiv	 node	 True	 context_pred	 ogbn-arxiv	 node	 True	classification	(5,0.0,1.0)	gpf	 -	 False	 -
gat	 ogbn-arxiv	 node	 True	 context_pred	 ogbn-arxiv	 node	 True	classification	(5,0.0,1.0)	gpf	 -	 True	 -
gat	 ogbn-arxiv	 node	 True	 context_pred	 ogbn-arxiv	 node	 True	classification	(5,0.0,1.0)	gppt	 -	 -	 -
gat	 ogbn-arxiv	 node	 True	 context_pred	 ogbn-arxiv	 node	 True	classification	(5,0.0,1.0)	graphprompt	 False	 -	 -
gat	 ogbn-arxiv	 node	 True	 context_pred	 ogbn-arxiv	 node	 True	classification	(5,0.0,1.0)	graphprompt	 True	 -	 -
gat	 qm7b	 graph	 False	 context_pred	 qm7b	 graph	 False	regression	(5,0.0,1.0)	all_in_one	 -	 -	 -
gat	 qm7b	 graph	 False	 context_pred	 qm7b	 graph	 False	regression	(5,0.0,1.0)	 edgeprompt	 -	 -	 False
gat	 qm7b	 graph	 False	 context_pred	 qm7b	 graph	 False	regression	(5,0.0,1.0)	 edgeprompt	 -	 -	 True
gat	 qm7b	 graph	 False	 context_pred	 qm7b	 graph	 False	regression	(5,0.0,1.0)	gpf	 -	 False	 -
gat	 qm7b	 graph	 False	 context_pred	 qm7b	 graph	 False	regression	(5,0.0,1.0)	gpf	 -	 True	 -
gat	 qm7b	 graph	 False	 context_pred	 qm7b	 graph	 False	regression	(5,0.0,1.0)	gppt	 -	 -	 -
gat	 qm7b	 graph	 False	 context_pred	 qm7b	 graph	 False	regression	(5,0.0,1.0)	graphprompt	 False	 -	 -
gat	 qm7b	 graph	 False	 context_pred	 qm7b	 graph	 False	regression	(5,0.0,1.0)	graphprompt	 True	 -	 -
gat	 toxcast	 graph	 False	 context_pred	 toxcast	 graph	 False	classification	(5,0.0,1.0)	all_in_one	 -	 -	 -
gat	 toxcast	 graph	 False	 context_pred	 toxcast	 graph	 False	classification	(5,0.0,1.0)	 edgeprompt	 -	 -	 False
gat	 toxcast	 graph	 False	 context_pred	 toxcast	 graph	 False	classification	(5,0.0,1.0)	 edgeprompt	 -	 -	 True
gat	 toxcast	 graph	 False	 context_pred	 toxcast	 graph	 False	classification	(5,0.0,1.0)	gpf	 -	 False	 -
gat	 toxcast	 graph	 False	 context_pred	 toxcast	 graph	 False	classification	(5,0.0,1.0)	gpf	 -	 True	 -
gat	 toxcast	 graph	 False	 context_pred	 toxcast	 graph	 False	classification	(5,0.0,1.0)	gppt	 -	 -	 -
gat	 toxcast	 graph	 False	 context_pred	 toxcast	 graph	 False	classification	(5,0.0,1.0)	graphprompt	 False	 -	 -
gat	 toxcast	 graph	 False	 context_pred	 toxcast	 graph	 False	classification	(5,0.0,1.0)	graphprompt	 True	 -	 -
gat	 mnist	 graph	 False	 context_pred	 mnist	 graph	 False	classification	(5,0.0,1.0)	all_in_one	 -	 -	 -
gat	 mnist	 graph	 False	 context_pred	 mnist	 graph	 False	classification	(5,0.0,1.0)	 edgeprompt	 -	 -	 False
gat	 mnist	 graph	 False	 context_pred	 mnist	 graph	 False	classification	(5,0.0,1.0)	 edgeprompt	 -	 -	 True
gat	 mnist	 graph	 False	 context_pred	 mnist	 graph	 False	classification	(5,0.0,1.0)	gpf	 -	 False	 -
gat	 mnist	 graph	 False	 context_pred	 mnist	 graph	 False	classification	(5,0.0,1.0)	gpf	 -	 True	 -
gat	 mnist	 graph	 False	 context_pred	 mnist	 graph	 False	classification	(5,0.0,1.0)	gppt	 -	 -	 -
gat	 mnist	 graph	 False	 context_pred	 mnist	 graph	 False	classification	(5,0.0,1.0)	graphprompt	 False	 -	 -
gat	 mnist	 graph	 False	 context_pred	 mnist	 graph	 False	classification	(5,0.0,1.0)	graphprompt	 True	 -	 -
gat	 chameleon	 node	 True	 context_pred	 chameleon	 node	 True	classification	(5,0.0,1.0)	all_in_one	 -	 -	 -
gat	 chameleon	 node	 True	 context_pred	 chameleon	 node	 True	classification	(5,0.0,1.0)	 edgeprompt	 -	 -	 False
gat	 chameleon	 node	 True	 context_pred	 chameleon	 node	 True	classification	(5,0.0,1.0)	 edgeprompt	 -	 -	 True
gat	 chameleon	 node	 True	 context_pred	 chameleon	 node	 True	classification	(5,0.0,1.0)	gpf	 -	 False	 -
gat	 chameleon	 node	 True	 context_pred	 chameleon	 node	 True	classification	(5,0.0,1.0)	gpf	 -	 True	 -
gat	 chameleon	 node	 True	 context_pred	 chameleon	 node	 True	classification	(5,0.0,1.0)	gppt	 -	 -	 -
gat	 chameleon	 node	 True	 context_pred	 chameleon	 node	 True	classification	(5,0.0,1.0)	graphprompt	 False	 -	 -
gat	 chameleon	 node	 True	 context_pred	 chameleon	 node	 True	classification	(5,0.0,1.0)	graphprompt	 True	 -	 -
gat	 cornell	 node	 True	 context_pred	 cornell	 edge	 True	classification	(0.05,0.1,0.1)	all_in_one	 -	 -	 -
gat	 cornell	 node	 True	 context_pred	 cornell	 edge	 True	classification	(0.05,0.1,0.1)	 edgeprompt	 -	 -	 False
gat	 cornell	 node	 True	 context_pred	 cornell	 edge	 True	classification	(0.05,0.1,0.1)	 edgeprompt	 -	 -	 True
gat	 cornell	 node	 True	 context_pred	 cornell	 edge	 True	classification	(0.05,0.1,0.1)	gpf	 -	 False	 -
gat	 cornell	 node	 True	 context_pred	 cornell	 edge	 True	classification	(0.05,0.1,0.1)	gpf	 -	 True	 -
gat	 cornell	 node	 True	 context_pred	 cornell	 edge	 True	classification	(0.05,0.1,0.1)	gppt	 -	 -	 -
gat	 cornell	 node	 True	 context_pred	 cornell	 edge	 True	classification	(0.05,0.1,0.1)	graphprompt	 False	 -	 -
gat	 cornell	 node	 True	 context_pred	 cornell	 edge	 True	classification	(0.05,0.1,0.1)	graphprompt	 True	 -	 -
gat	 airports	 node	 True	 context_pred	 airports	 node	 True	classification	(100,0.0,1.0)	all_in_one	 -	 -	 -
gat	 airports	 node	 True	 context_pred	 airports	 node	 True	classification	(100,0.0,1.0)	 edgeprompt	 -	 -	 False
gat	 airports	 node	 True	 context_pred	 airports	 node	 True	classification	(100,0.0,1.0)	 edgeprompt	 -	 -	 True
gat	 airports	 node	 True	 context_pred	 airports	 node	 True	classification	(100,0.0,1.0)	gpf	 -	 False	 -
gat	 airports	 node	 True	 context_pred	 airports	 node	 True	classification	(100,0.0,1.0)	gpf	 -	 True	 -
gat	 airports	 node	 True	 context_pred	 airports	 node	 True	classification	(100,0.0,1.0)	gppt	 -	 -	 -
gat	 airports	 node	 True	 context_pred	 airports	 node	 True	classification	(100,0.0,1.0)	graphprompt	 False	 -	 -
gat	 airports	 node	 True	 context_pred	 airports	 node	 True	classification	(100,0.0,1.0)	graphprompt	 True	 -	 -
gat	 ogbn-arxiv	 node	 True	 context_pred	 ogbn-arxiv	 node	 True	classification	(100,0.0,1.0)	all_in_one	 -	 -	 -
gat	 ogbn-arxiv	 node	 True	 context_pred	 ogbn-arxiv	 node	 True	classification	(100,0.0,1.0)	 edgeprompt	 -	 -	 False
gat	 ogbn-arxiv	 node	 True	 context_pred	 ogbn-arxiv	 node	 True	classification	(100,0.0,1.0)	 edgeprompt	 -	 -	 True
gat	 ogbn-arxiv	 node	 True	 context_pred	 ogbn-arxiv	 node	 True	classification	(100,0.0,1.0)	gpf	 -	 False	 -
gat	 ogbn-arxiv	 node	 True	 context_pred	 ogbn-arxiv	 node	 True	classification	(100,0.0,1.0)	gpf	 -	 True	 -
gat	 ogbn-arxiv	 node	 True	 context_pred	 ogbn-arxiv	 node	 True	classification	(100,0.0,1.0)	gppt	 -	 -	 -
gat	 ogbn-arxiv	 node	 True	 context_pred	 ogbn-arxiv	 node	 True	classification	(100,0.0,1.0)	graphprompt	 False	 -	 -
gat	 ogbn-arxiv	 node	 True	 context_pred	 ogbn-arxiv	 node	 True	classification	(100,0.0,1.0)	graphprompt	 True	 -	 -
gat	 qm7b	 graph	 False	 context_pred	 qm7b	 graph	 False	regression	(100,0.0,1.0)	all_in_one	 -	 -	 -
gat	 qm7b	 graph	 False	 context_pred	 qm7b	 graph	 False	regression	(100,0.0,1.0)	 edgeprompt	 -	 -	 False
gat	 qm7b	 graph	 False	 context_pred	 qm7b	 graph	 False	regression	(100,0.0,1.0)	 edgeprompt	 -	 -	 True
gat	 qm7b	 graph	 False	 context_pred	 qm7b	 graph	 False	regression	(100,0.0,1.0)	gpf	 -	 False	 -
gat	 qm7b	 graph	 False	 context_pred	 qm7b	 graph	 False	regression	(100,0.0,1.0)	gpf	 -	 True	 -
gat	 qm7b	 graph	 False	 context_pred	 qm7b	 graph	 False	regression	(100,0.0,1.0)	gppt	 -	 -	 -
gat	 qm7b	 graph	 False	 context_pred	 qm7b	 graph	 False	regression	(100,0.0,1.0)	graphprompt	 False	 -	 -
gat	 qm7b	 graph	 False	 context_pred	 qm7b	 graph	 False	regression	(100,0.0,1.0)	graphprompt	 True	 -	 -
gat	 toxcast	 graph	 False	 context_pred	 toxcast	 graph	 False	classification	(100,0.0,1.0)	all_in_one	 -	 -	 -
gat	 toxcast	 graph	 False	 context_pred	 toxcast	 graph	 False	classification	(100,0.0,1.0)	 edgeprompt	 -	 -	 False
gat	 toxcast	 graph	 False	 context_pred	 toxcast	 graph	 False	classification	(100,0.0,1.0)	 edgeprompt	 -	 -	 True
gat	 toxcast	 graph	 False	 context_pred	 toxcast	 graph	 False	classification	(100,0.0,1.0)	gpf	 -	 False	 -
gat	 toxcast	 graph	 False	 context_pred	 toxcast	 graph	 False	classification	(100,0.0,1.0)	gpf	 -	 True	 -
gat	 toxcast	 graph	 False	 context_pred	 toxcast	 graph	 False	classification	(100,0.0,1.0)	gppt	 -	 -	 -
gat	 toxcast	 graph	 False	 context_pred	 toxcast	 graph	 False	classification	(100,0.0,1.0)	graphprompt	 False	 -	 -
gat	 toxcast	 graph	 False	 context_pred	 toxcast	 graph	 False	classification	(100,0.0,1.0)	graphprompt	 True	 -	 -
gat	 mnist	 graph	 False	 context_pred	 mnist	 graph	 False	classification	(100,0.0,1.0)	all_in_one	 -	 -	 -
gat	 mnist	 graph	 False	 context_pred	 mnist	 graph	 False	classification	(100,0.0,1.0)	 edgeprompt	 -	 -	 False
gat	 mnist	 graph	 False	 context_pred	 mnist	 graph	 False	classification	(100,0.0,1.0)	 edgeprompt	 -	 -	 True
gat	 mnist	 graph	 False	 context_pred	 mnist	 graph	 False	classification	(100,0.0,1.0)	gpf	 -	 False	 -
gat	 mnist	 graph	 False	 context_pred	 mnist	 graph	 False	classification	(100,0.0,1.0)	gpf	 -	 True	 -
gat	 mnist	 graph	 False	 context_pred	 mnist	 graph	 False	classification	(100,0.0,1.0)	gppt	 -	 -	 -
gat	 mnist	 graph	 False	 context_pred	 mnist	 graph	 False	classification	(100,0.0,1.0)	graphprompt	 False	 -	 -
gat	 mnist	 graph	 False	 context_pred	 mnist	 graph	 False	classification	(100,0.0,1.0)	graphprompt	 True	 -	 -
gat	 chameleon	 node	 True	 context_pred	 chameleon	 node	 True	classification	(100,0.0,1.0)	all_in_one	 -	 -	 -
gat	 chameleon	 node	 True	 context_pred	 chameleon	 node	 True	classification	(100,0.0,1.0)	 edgeprompt	 -	 -	 False
gat	 chameleon	 node	 True	 context_pred	 chameleon	 node	 True	classification	(100,0.0,1.0)	 edgeprompt	 -	 -	 True
gat	 chameleon	 node	 True	 context_pred	 chameleon	 node	 True	classification	(100,0.0,1.0)	gpf	 -	 False	 -
gat	 chameleon	 node	 True	 context_pred	 chameleon	 node	 True	classification	(100,0.0,1.0)	gpf	 -	 True	 -
gat	 chameleon	 node	 True	 context_pred	 chameleon	 node	 True	classification	(100,0.0,1.0)	gppt	 -	 -	 -
gat	 chameleon	 node	 True	 context_pred	 chameleon	 node	 True	classification	(100,0.0,1.0)	graphprompt	 False	 -	 -
gat	 chameleon	 node	 True	 context_pred	 chameleon	 node	 True	classification	(100,0.0,1.0)	graphprompt	 True	 -	 -
gat	 cornell	 node	 True	 context_pred	 cornell	 edge	 True	classification	(0.1,0.05,0.1)	all_in_one	 -	 -	 -
gat	 cornell	 node	 True	 context_pred	 cornell	 edge	 True	classification	(0.1,0.05,0.1)	 edgeprompt	 -	 -	 False
gat	 cornell	 node	 True	 context_pred	 cornell	 edge	 True	classification	(0.1,0.05,0.1)	 edgeprompt	 -	 -	 True
gat	 cornell	 node	 True	 context_pred	 cornell	 edge	 True	classification	(0.1,0.05,0.1)	gpf	 -	 False	 -
gat	 cornell	 node	 True	 context_pred	 cornell	 edge	 True	classification	(0.1,0.05,0.1)	gpf	 -	 True	 -
gat	 cornell	 node	 True	 context_pred	 cornell	 edge	 True	classification	(0.1,0.05,0.1)	gppt	 -	 -	 -
gat	 cornell	 node	 True	 context_pred	 cornell	 edge	 True	classification	(0.1,0.05,0.1)	graphprompt	 False	 -	 -
gat	 cornell	 node	 True	 context_pred	 cornell	 edge	 True	classification	(0.1,0.05,0.1)	graphprompt	 True	 -	 -
gat	 airports	 node	 True	 dgi	 airports	 node	 True	classification	(5,0.0,1.0)	all_in_one	 -	 -	 -
gat	 airports	 node	 True	 dgi	 airports	 node	 True	classification	(5,0.0,1.0)	 edgeprompt	 -	 -	 False
gat	 airports	 node	 True	 dgi	 airports	 node	 True	classification	(5,0.0,1.0)	 edgeprompt	 -	 -	 True
gat	 airports	 node	 True	 dgi	 airports	 node	 True	classification	(5,0.0,1.0)	gpf	 -	 False	 -
gat	 airports	 node	 True	 dgi	 airports	 node	 True	classification	(5,0.0,1.0)	gpf	 -	 True	 -
gat	 airports	 node	 True	 dgi	 airports	 node	 True	classification	(5,0.0,1.0)	gppt	 -	 -	 -
gat	 airports	 node	 True	 dgi	 airports	 node	 True	classification	(5,0.0,1.0)	graphprompt	 False	 -	 -
gat	 airports	 node	 True	 dgi	 airports	 node	 True	classification	(5,0.0,1.0)	graphprompt	 True	 -	 -
gat	 ogbn-arxiv	 node	 True	 dgi	 ogbn-arxiv	 node	 True	classification	(5,0.0,1.0)	all_in_one	 -	 -	 -
gat	 ogbn-arxiv	 node	 True	 dgi	 ogbn-arxiv	 node	 True	classification	(5,0.0,1.0)	 edgeprompt	 -	 -	 False
gat	 ogbn-arxiv	 node	 True	 dgi	 ogbn-arxiv	 node	 True	classification	(5,0.0,1.0)	 edgeprompt	 -	 -	 True
gat	 ogbn-arxiv	 node	 True	 dgi	 ogbn-arxiv	 node	 True	classification	(5,0.0,1.0)	gpf	 -	 False	 -
gat	 ogbn-arxiv	 node	 True	 dgi	 ogbn-arxiv	 node	 True	classification	(5,0.0,1.0)	gpf	 -	 True	 -
gat	 ogbn-arxiv	 node	 True	 dgi	 ogbn-arxiv	 node	 True	classification	(5,0.0,1.0)	gppt	 -	 -	 -
gat	 ogbn-arxiv	 node	 True	 dgi	 ogbn-arxiv	 node	 True	classification	(5,0.0,1.0)	graphprompt	 False	 -	 -
gat	 ogbn-arxiv	 node	 True	 dgi	 ogbn-arxiv	 node	 True	classification	(5,0.0,1.0)	graphprompt	 True	 -	 -
gat	 qm7b	 graph	 False	 dgi	 qm7b	 graph	 False	regression	(5,0.0,1.0)	all_in_one	 -	 -	 -
gat	 qm7b	 graph	 False	 dgi	 qm7b	 graph	 False	regression	(5,0.0,1.0)	 edgeprompt	 -	 -	 False
gat	 qm7b	 graph	 False	 dgi	 qm7b	 graph	 False	regression	(5,0.0,1.0)	 edgeprompt	 -	 -	 True
gat	 qm7b	 graph	 False	 dgi	 qm7b	 graph	 False	regression	(5,0.0,1.0)	gpf	 -	 False	 -
gat	 qm7b	 graph	 False	 dgi	 qm7b	 graph	 False	regression	(5,0.0,1.0)	gpf	 -	 True	 -
gat	 qm7b	 graph	 False	 dgi	 qm7b	 graph	 False	regression	(5,0.0,1.0)	gppt	 -	 -	 -
gat	 qm7b	 graph	 False	 dgi	 qm7b	 graph	 False	regression	(5,0.0,1.0)	graphprompt	 False	 -	 -
gat	 qm7b	 graph	 False	 dgi	 qm7b	 graph	 False	regression	(5,0.0,1.0)	graphprompt	 True	 -	 -
gat	 toxcast	 graph	 False	 dgi	 toxcast	 graph	 False	classification	(5,0.0,1.0)	all_in_one	 -	 -	 -
gat	 toxcast	 graph	 False	 dgi	 toxcast	 graph	 False	classification	(5,0.0,1.0)	 edgeprompt	 -	 -	 False
gat	 toxcast	 graph	 False	 dgi	 toxcast	 graph	 False	classification	(5,0.0,1.0)	 edgeprompt	 -	 -	 True
gat	 toxcast	 graph	 False	 dgi	 toxcast	 graph	 False	classification	(5,0.0,1.0)	gpf	 -	 False	 -
gat	 toxcast	 graph	 False	 dgi	 toxcast	 graph	 False	classification	(5,0.0,1.0)	gpf	 -	 True	 -
gat	 toxcast	 graph	 False	 dgi	 toxcast	 graph	 False	classification	(5,0.0,1.0)	gppt	 -	 -	 -
gat	 toxcast	 graph	 False	 dgi	 toxcast	 graph	 False	classification	(5,0.0,1.0)	graphprompt	 False	 -	 -
gat	 toxcast	 graph	 False	 dgi	 toxcast	 graph	 False	classification	(5,0.0,1.0)	graphprompt	 True	 -	 -
gat	 mnist	 graph	 False	 dgi	 mnist	 graph	 False	classification	(5,0.0,1.0)	all_in_one	 -	 -	 -
gat	 mnist	 graph	 False	 dgi	 mnist	 graph	 False	classification	(5,0.0,1.0)	 edgeprompt	 -	 -	 False
gat	 mnist	 graph	 False	 dgi	 mnist	 graph	 False	classification	(5,0.0,1.0)	 edgeprompt	 -	 -	 True
gat	 mnist	 graph	 False	 dgi	 mnist	 graph	 False	classification	(5,0.0,1.0)	gpf	 -	 False	 -
gat	 mnist	 graph	 False	 dgi	 mnist	 graph	 False	classification	(5,0.0,1.0)	gpf	 -	 True	 -
gat	 mnist	 graph	 False	 dgi	 mnist	 graph	 False	classification	(5,0.0,1.0)	gppt	 -	 -	 -
gat	 mnist	 graph	 False	 dgi	 mnist	 graph	 False	classification	(5,0.0,1.0)	graphprompt	 False	 -	 -
gat	 mnist	 graph	 False	 dgi	 mnist	 graph	 False	classification	(5,0.0,1.0)	graphprompt	 True	 -	 -
gat	 chameleon	 node	 True	 dgi	 chameleon	 node	 True	classification	(5,0.0,1.0)	all_in_one	 -	 -	 -
gat	 chameleon	 node	 True	 dgi	 chameleon	 node	 True	classification	(5,0.0,1.0)	 edgeprompt	 -	 -	 False
gat	 chameleon	 node	 True	 dgi	 chameleon	 node	 True	classification	(5,0.0,1.0)	 edgeprompt	 -	 -	 True
gat	 chameleon	 node	 True	 dgi	 chameleon	 node	 True	classification	(5,0.0,1.0)	gpf	 -	 False	 -
gat	 chameleon	 node	 True	 dgi	 chameleon	 node	 True	classification	(5,0.0,1.0)	gpf	 -	 True	 -
gat	 chameleon	 node	 True	 dgi	 chameleon	 node	 True	classification	(5,0.0,1.0)	gppt	 -	 -	 -
gat	 chameleon	 node	 True	 dgi	 chameleon	 node	 True	classification	(5,0.0,1.0)	graphprompt	 False	 -	 -
gat	 chameleon	 node	 True	 dgi	 chameleon	 node	 True	classification	(5,0.0,1.0)	graphprompt	 True	 -	 -
gat	 cornell	 node	 True	 dgi	 cornell	 edge	 True	classification	(0.05,0.1,0.1)	all_in_one	 -	 -	 -
gat	 cornell	 node	 True	 dgi	 cornell	 edge	 True	classification	(0.05,0.1,0.1)	 edgeprompt	 -	 -	 False
gat	 cornell	 node	 True	 dgi	 cornell	 edge	 True	classification	(0.05,0.1,0.1)	 edgeprompt	 -	 -	 True
gat	 cornell	 node	 True	 dgi	 cornell	 edge	 True	classification	(0.05,0.1,0.1)	gpf	 -	 False	 -
gat	 cornell	 node	 True	 dgi	 cornell	 edge	 True	classification	(0.05,0.1,0.1)	gpf	 -	 True	 -
gat	 cornell	 node	 True	 dgi	 cornell	 edge	 True	classification	(0.05,0.1,0.1)	gppt	 -	 -	 -
gat	 cornell	 node	 True	 dgi	 cornell	 edge	 True	classification	(0.05,0.1,0.1)	graphprompt	 False	 -	 -
gat	 cornell	 node	 True	 dgi	 cornell	 edge	 True	classification	(0.05,0.1,0.1)	graphprompt	 True	 -	 -
gat	 airports	 node	 True	 dgi	 airports	 node	 True	classification	(100,0.0,1.0)	all_in_one	 -	 -	 -
gat	 airports	 node	 True	 dgi	 airports	 node	 True	classification	(100,0.0,1.0)	 edgeprompt	 -	 -	 False
gat	 airports	 node	 True	 dgi	 airports	 node	 True	classification	(100,0.0,1.0)	 edgeprompt	 -	 -	 True
gat	 airports	 node	 True	 dgi	 airports	 node	 True	classification	(100,0.0,1.0)	gpf	 -	 False	 -
gat	 airports	 node	 True	 dgi	 airports	 node	 True	classification	(100,0.0,1.0)	gpf	 -	 True	 -
gat	 airports	 node	 True	 dgi	 airports	 node	 True	classification	(100,0.0,1.0)	gppt	 -	 -	 -
gat	 airports	 node	 True	 dgi	 airports	 node	 True	classification	(100,0.0,1.0)	graphprompt	 False	 -	 -
gat	 airports	 node	 True	 dgi	 airports	 node	 True	classification	(100,0.0,1.0)	graphprompt	 True	 -	 -
gat	 ogbn-arxiv	 node	 True	 dgi	 ogbn-arxiv	 node	 True	classification	(100,0.0,1.0)	all_in_one	 -	 -	 -
gat	 ogbn-arxiv	 node	 True	 dgi	 ogbn-arxiv	 node	 True	classification	(100,0.0,1.0)	 edgeprompt	 -	 -	 False
gat	 ogbn-arxiv	 node	 True	 dgi	 ogbn-arxiv	 node	 True	classification	(100,0.0,1.0)	 edgeprompt	 -	 -	 True
gat	 ogbn-arxiv	 node	 True	 dgi	 ogbn-arxiv	 node	 True	classification	(100,0.0,1.0)	gpf	 -	 False	 -
gat	 ogbn-arxiv	 node	 True	 dgi	 ogbn-arxiv	 node	 True	classification	(100,0.0,1.0)	gpf	 -	 True	 -
gat	 ogbn-arxiv	 node	 True	 dgi	 ogbn-arxiv	 node	 True	classification	(100,0.0,1.0)	gppt	 -	 -	 -
gat	 ogbn-arxiv	 node	 True	 dgi	 ogbn-arxiv	 node	 True	classification	(100,0.0,1.0)	graphprompt	 False	 -	 -
gat	 ogbn-arxiv	 node	 True	 dgi	 ogbn-arxiv	 node	 True	classification	(100,0.0,1.0)	graphprompt	 True	 -	 -
gat	 qm7b	 graph	 False	 dgi	 qm7b	 graph	 False	regression	(100,0.0,1.0)	all_in_one	 -	 -	 -
gat	 qm7b	 graph	 False	 dgi	 qm7b	 graph	 False	regression	(100,0.0,1.0)	 edgeprompt	 -	 -	 False
gat	 qm7b	 graph	 False	 dgi	 qm7b	 graph	 False	regression	(100,0.0,1.0)	 edgeprompt	 -	 -	 True
gat	 qm7b	 graph	 False	 dgi	 qm7b	 graph	 False	regression	(100,0.0,1.0)	gpf	 -	 False	 -
gat	 qm7b	 graph	 False	 dgi	 qm7b	 graph	 False	regression	(100,0.0,1.0)	gpf	 -	 True	 -
gat	 qm7b	 graph	 False	 dgi	 qm7b	 graph	 False	regression	(100,0.0,1.0)	gppt	 -	 -	 -
gat	 qm7b	 graph	 False	 dgi	 qm7b	 graph	 False	regression	(100,0.0,1.0)	graphprompt	 False	 -	 -
gat	 qm7b	 graph	 False	 dgi	 qm7b	 graph	 False	regression	(100,0.0,1.0)	graphprompt	 True	 -	 -
gat	 toxcast	 graph	 False	 dgi	 toxcast	 graph	 False	classification	(100,0.0,1.0)	all_in_one	 -	 -	 -
gat	 toxcast	 graph	 False	 dgi	 toxcast	 graph	 False	classification	(100,0.0,1.0)	 edgeprompt	 -	 -	 False
gat	 toxcast	 graph	 False	 dgi	 toxcast	 graph	 False	classification	(100,0.0,1.0)	 edgeprompt	 -	 -	 True
gat	 toxcast	 graph	 False	 dgi	 toxcast	 graph	 False	classification	(100,0.0,1.0)	gpf	 -	 False	 -
gat	 toxcast	 graph	 False	 dgi	 toxcast	 graph	 False	classification	(100,0.0,1.0)	gpf	 -	 True	 -
gat	 toxcast	 graph	 False	 dgi	 toxcast	 graph	 False	classification	(100,0.0,1.0)	gppt	 -	 -	 -
gat	 toxcast	 graph	 False	 dgi	 toxcast	 graph	 False	classification	(100,0.0,1.0)	graphprompt	 False	 -	 -
gat	 toxcast	 graph	 False	 dgi	 toxcast	 graph	 False	classification	(100,0.0,1.0)	graphprompt	 True	 -	 -
gat	 mnist	 graph	 False	 dgi	 mnist	 graph	 False	classification	(100,0.0,1.0)	all_in_one	 -	 -	 -
gat	 mnist	 graph	 False	 dgi	 mnist	 graph	 False	classification	(100,0.0,1.0)	 edgeprompt	 -	 -	 False
gat	 mnist	 graph	 False	 dgi	 mnist	 graph	 False	classification	(100,0.0,1.0)	 edgeprompt	 -	 -	 True
gat	 mnist	 graph	 False	 dgi	 mnist	 graph	 False	classification	(100,0.0,1.0)	gpf	 -	 False	 -
gat	 mnist	 graph	 False	 dgi	 mnist	 graph	 False	classification	(100,0.0,1.0)	gpf	 -	 True	 -
gat	 mnist	 graph	 False	 dgi	 mnist	 graph	 False	classification	(100,0.0,1.0)	gppt	 -	 -	 -
gat	 mnist	 graph	 False	 dgi	 mnist	 graph	 False	classification	(100,0.0,1.0)	graphprompt	 False	 -	 -
gat	 mnist	 graph	 False	 dgi	 mnist	 graph	 False	classification	(100,0.0,1.0)	graphprompt	 True	 -	 -
gat	 chameleon	 node	 True	 dgi	 chameleon	 node	 True	classification	(100,0.0,1.0)	all_in_one	 -	 -	 -
gat	 chameleon	 node	 True	 dgi	 chameleon	 node	 True	classification	(100,0.0,1.0)	 edgeprompt	 -	 -	 False
gat	 chameleon	 node	 True	 dgi	 chameleon	 node	 True	classification	(100,0.0,1.0)	 edgeprompt	 -	 -	 True
gat	 chameleon	 node	 True	 dgi	 chameleon	 node	 True	classification	(100,0.0,1.0)	gpf	 -	 False	 -
gat	 chameleon	 node	 True	 dgi	 chameleon	 node	 True	classification	(100,0.0,1.0)	gpf	 -	 True	 -
gat	 chameleon	 node	 True	 dgi	 chameleon	 node	 True	classification	(100,0.0,1.0)	gppt	 -	 -	 -
gat	 chameleon	 node	 True	 dgi	 chameleon	 node	 True	classification	(100,0.0,1.0)	graphprompt	 False	 -	 -
gat	 chameleon	 node	 True	 dgi	 chameleon	 node	 True	classification	(100,0.0,1.0)	graphprompt	 True	 -	 -
gat	 cornell	 node	 True	 dgi	 cornell	 edge	 True	classification	(0.1,0.05,0.1)	all_in_one	 -	 -	 -
gat	 cornell	 node	 True	 dgi	 cornell	 edge	 True	classification	(0.1,0.05,0.1)	 edgeprompt	 -	 -	 False
gat	 cornell	 node	 True	 dgi	 cornell	 edge	 True	classification	(0.1,0.05,0.1)	 edgeprompt	 -	 -	 True
gat	 cornell	 node	 True	 dgi	 cornell	 edge	 True	classification	(0.1,0.05,0.1)	gpf	 -	 False	 -
gat	 cornell	 node	 True	 dgi	 cornell	 edge	 True	classification	(0.1,0.05,0.1)	gpf	 -	 True	 -
gat	 cornell	 node	 True	 dgi	 cornell	 edge	 True	classification	(0.1,0.05,0.1)	gppt	 -	 -	 -
gat	 cornell	 node	 True	 dgi	 cornell	 edge	 True	classification	(0.1,0.05,0.1)	graphprompt	 False	 -	 -
gat	 cornell	 node	 True	 dgi	 cornell	 edge	 True	classification	(0.1,0.05,0.1)	graphprompt	 True	 -	 -
gat	 airports	 node	 True	 edge_pred	 airports	 node	 True	classification	(5,0.0,1.0)	all_in_one	 -	 -	 -
gat	 airports	 node	 True	 edge_pred	 airports	 node	 True	classification	(5,0.0,1.0)	 edgeprompt	 -	 -	 False
gat	 airports	 node	 True	 edge_pred	 airports	 node	 True	classification	(5,0.0,1.0)	 edgeprompt	 -	 -	 True
gat	 airports	 node	 True	 edge_pred	 airports	 node	 True	classification	(5,0.0,1.0)	gpf	 -	 False	 -
gat	 airports	 node	 True	 edge_pred	 airports	 node	 True	classification	(5,0.0,1.0)	gpf	 -	 True	 -
gat	 airports	 node	 True	 edge_pred	 airports	 node	 True	classification	(5,0.0,1.0)	gppt	 -	 -	 -
gat	 airports	 node	 True	 edge_pred	 airports	 node	 True	classification	(5,0.0,1.0)	graphprompt	 False	 -	 -
gat	 airports	 node	 True	 edge_pred	 airports	 node	 True	classification	(5,0.0,1.0)	graphprompt	 True	 -	 -
gat	 ogbn-arxiv	 node	 True	 edge_pred	 ogbn-arxiv	 node	 True	classification	(5,0.0,1.0)	all_in_one	 -	 -	 -
gat	 ogbn-arxiv	 node	 True	 edge_pred	 ogbn-arxiv	 node	 True	classification	(5,0.0,1.0)	 edgeprompt	 -	 -	 False
gat	 ogbn-arxiv	 node	 True	 edge_pred	 ogbn-arxiv	 node	 True	classification	(5,0.0,1.0)	 edgeprompt	 -	 -	 True
gat	 ogbn-arxiv	 node	 True	 edge_pred	 ogbn-arxiv	 node	 True	classification	(5,0.0,1.0)	gpf	 -	 False	 -
gat	 ogbn-arxiv	 node	 True	 edge_pred	 ogbn-arxiv	 node	 True	classification	(5,0.0,1.0)	gpf	 -	 True	 -
gat	 ogbn-arxiv	 node	 True	 edge_pred	 ogbn-arxiv	 node	 True	classification	(5,0.0,1.0)	gppt	 -	 -	 -
gat	 ogbn-arxiv	 node	 True	 edge_pred	 ogbn-arxiv	 node	 True	classification	(5,0.0,1.0)	graphprompt	 False	 -	 -
gat	 ogbn-arxiv	 node	 True	 edge_pred	 ogbn-arxiv	 node	 True	classification	(5,0.0,1.0)	graphprompt	 True	 -	 -
gat	 qm7b	 graph	 False	 edge_pred	 qm7b	 graph	 False	regression	(5,0.0,1.0)	all_in_one	 -	 -	 -
gat	 qm7b	 graph	 False	 edge_pred	 qm7b	 graph	 False	regression	(5,0.0,1.0)	 edgeprompt	 -	 -	 False
gat	 qm7b	 graph	 False	 edge_pred	 qm7b	 graph	 False	regression	(5,0.0,1.0)	 edgeprompt	 -	 -	 True
gat	 qm7b	 graph	 False	 edge_pred	 qm7b	 graph	 False	regression	(5,0.0,1.0)	gpf	 -	 False	 -
gat	 qm7b	 graph	 False	 edge_pred	 qm7b	 graph	 False	regression	(5,0.0,1.0)	gpf	 -	 True	 -
gat	 qm7b	 graph	 False	 edge_pred	 qm7b	 graph	 False	regression	(5,0.0,1.0)	gppt	 -	 -	 -
gat	 qm7b	 graph	 False	 edge_pred	 qm7b	 graph	 False	regression	(5,0.0,1.0)	graphprompt	 False	 -	 -
gat	 qm7b	 graph	 False	 edge_pred	 qm7b	 graph	 False	regression	(5,0.0,1.0)	graphprompt	 True	 -	 -
gat	 toxcast	 graph	 False	 edge_pred	 toxcast	 graph	 False	classification	(5,0.0,1.0)	all_in_one	 -	 -	 -
gat	 toxcast	 graph	 False	 edge_pred	 toxcast	 graph	 False	classification	(5,0.0,1.0)	 edgeprompt	 -	 -	 False
gat	 toxcast	 graph	 False	 edge_pred	 toxcast	 graph	 False	classification	(5,0.0,1.0)	 edgeprompt	 -	 -	 True
gat	 toxcast	 graph	 False	 edge_pred	 toxcast	 graph	 False	classification	(5,0.0,1.0)	gpf	 -	 False	 -
gat	 toxcast	 graph	 False	 edge_pred	 toxcast	 graph	 False	classification	(5,0.0,1.0)	gpf	 -	 True	 -
gat	 toxcast	 graph	 False	 edge_pred	 toxcast	 graph	 False	classification	(5,0.0,1.0)	gppt	 -	 -	 -
gat	 toxcast	 graph	 False	 edge_pred	 toxcast	 graph	 False	classification	(5,0.0,1.0)	graphprompt	 False	 -	 -
gat	 toxcast	 graph	 False	 edge_pred	 toxcast	 graph	 False	classification	(5,0.0,1.0)	graphprompt	 True	 -	 -
gat	 mnist	 graph	 False	 edge_pred	 mnist	 graph	 False	classification	(5,0.0,1.0)	all_in_one	 -	 -	 -
gat	 mnist	 graph	 False	 edge_pred	 mnist	 graph	 False	classification	(5,0.0,1.0)	 edgeprompt	 -	 -	 False
gat	 mnist	 graph	 False	 edge_pred	 mnist	 graph	 False	classification	(5,0.0,1.0)	 edgeprompt	 -	 -	 True
gat	 mnist	 graph	 False	 edge_pred	 mnist	 graph	 False	classification	(5,0.0,1.0)	gpf	 -	 False	 -
gat	 mnist	 graph	 False	 edge_pred	 mnist	 graph	 False	classification	(5,0.0,1.0)	gpf	 -	 True	 -
gat	 mnist	 graph	 False	 edge_pred	 mnist	 graph	 False	classification	(5,0.0,1.0)	gppt	 -	 -	 -
gat	 mnist	 graph	 False	 edge_pred	 mnist	 graph	 False	classification	(5,0.0,1.0)	graphprompt	 False	 -	 -
gat	 mnist	 graph	 False	 edge_pred	 mnist	 graph	 False	classification	(5,0.0,1.0)	graphprompt	 True	 -	 -
gat	 chameleon	 node	 True	 edge_pred	 chameleon	 node	 True	classification	(5,0.0,1.0)	all_in_one	 -	 -	 -
gat	 chameleon	 node	 True	 edge_pred	 chameleon	 node	 True	classification	(5,0.0,1.0)	 edgeprompt	 -	 -	 False
gat	 chameleon	 node	 True	 edge_pred	 chameleon	 node	 True	classification	(5,0.0,1.0)	 edgeprompt	 -	 -	 True
gat	 chameleon	 node	 True	 edge_pred	 chameleon	 node	 True	classification	(5,0.0,1.0)	gpf	 -	 False	 -
gat	 chameleon	 node	 True	 edge_pred	 chameleon	 node	 True	classification	(5,0.0,1.0)	gpf	 -	 True	 -
gat	 chameleon	 node	 True	 edge_pred	 chameleon	 node	 True	classification	(5,0.0,1.0)	gppt	 -	 -	 -
gat	 chameleon	 node	 True	 edge_pred	 chameleon	 node	 True	classification	(5,0.0,1.0)	graphprompt	 False	 -	 -
gat	 chameleon	 node	 True	 edge_pred	 chameleon	 node	 True	classification	(5,0.0,1.0)	graphprompt	 True	 -	 -
gat	 cornell	 node	 True	 edge_pred	 cornell	 edge	 True	classification	(0.05,0.1,0.1)	all_in_one	 -	 -	 -
gat	 cornell	 node	 True	 edge_pred	 cornell	 edge	 True	classification	(0.05,0.1,0.1)	 edgeprompt	 -	 -	 False
gat	 cornell	 node	 True	 edge_pred	 cornell	 edge	 True	classification	(0.05,0.1,0.1)	 edgeprompt	 -	 -	 True
gat	 cornell	 node	 True	 edge_pred	 cornell	 edge	 True	classification	(0.05,0.1,0.1)	gpf	 -	 False	 -
gat	 cornell	 node	 True	 edge_pred	 cornell	 edge	 True	classification	(0.05,0.1,0.1)	gpf	 -	 True	 -
gat	 cornell	 node	 True	 edge_pred	 cornell	 edge	 True	classification	(0.05,0.1,0.1)	gppt	 -	 -	 -
gat	 cornell	 node	 True	 edge_pred	 cornell	 edge	 True	classification	(0.05,0.1,0.1)	graphprompt	 False	 -	 -
gat	 cornell	 node	 True	 edge_pred	 cornell	 edge	 True	classification	(0.05,0.1,0.1)	graphprompt	 True	 -	 -
gat	 airports	 node	 True	 edge_pred	 airports	 node	 True	classification	(100,0.0,1.0)	all_in_one	 -	 -	 -
gat	 airports	 node	 True	 edge_pred	 airports	 node	 True	classification	(100,0.0,1.0)	 edgeprompt	 -	 -	 False
gat	 airports	 node	 True	 edge_pred	 airports	 node	 True	classification	(100,0.0,1.0)	 edgeprompt	 -	 -	 True
gat	 airports	 node	 True	 edge_pred	 airports	 node	 True	classification	(100,0.0,1.0)	gpf	 -	 False	 -
gat	 airports	 node	 True	 edge_pred	 airports	 node	 True	classification	(100,0.0,1.0)	gpf	 -	 True	 -
gat	 airports	 node	 True	 edge_pred	 airports	 node	 True	classification	(100,0.0,1.0)	gppt	 -	 -	 -
gat	 airports	 node	 True	 edge_pred	 airports	 node	 True	classification	(100,0.0,1.0)	graphprompt	 False	 -	 -
gat	 airports	 node	 True	 edge_pred	 airports	 node	 True	classification	(100,0.0,1.0)	graphprompt	 True	 -	 -
gat	 ogbn-arxiv	 node	 True	 edge_pred	 ogbn-arxiv	 node	 True	classification	(100,0.0,1.0)	all_in_one	 -	 -	 -
gat	 ogbn-arxiv	 node	 True	 edge_pred	 ogbn-arxiv	 node	 True	classification	(100,0.0,1.0)	 edgeprompt	 -	 -	 False
gat	 ogbn-arxiv	 node	 True	 edge_pred	 ogbn-arxiv	 node	 True	classification	(100,0.0,1.0)	 edgeprompt	 -	 -	 True
gat	 ogbn-arxiv	 node	 True	 edge_pred	 ogbn-arxiv	 node	 True	classification	(100,0.0,1.0)	gpf	 -	 False	 -
gat	 ogbn-arxiv	 node	 True	 edge_pred	 ogbn-arxiv	 node	 True	classification	(100,0.0,1.0)	gpf	 -	 True	 -
gat	 ogbn-arxiv	 node	 True	 edge_pred	 ogbn-arxiv	 node	 True	classification	(100,0.0,1.0)	gppt	 -	 -	 -
gat	 ogbn-arxiv	 node	 True	 edge_pred	 ogbn-arxiv	 node	 True	classification	(100,0.0,1.0)	graphprompt	 False	 -	 -
gat	 ogbn-arxiv	 node	 True	 edge_pred	 ogbn-arxiv	 node	 True	classification	(100,0.0,1.0)	graphprompt	 True	 -	 -
gat	 qm7b	 graph	 False	 edge_pred	 qm7b	 graph	 False	regression	(100,0.0,1.0)	all_in_one	 -	 -	 -
gat	 qm7b	 graph	 False	 edge_pred	 qm7b	 graph	 False	regression	(100,0.0,1.0)	 edgeprompt	 -	 -	 False
gat	 qm7b	 graph	 False	 edge_pred	 qm7b	 graph	 False	regression	(100,0.0,1.0)	 edgeprompt	 -	 -	 True
gat	 qm7b	 graph	 False	 edge_pred	 qm7b	 graph	 False	regression	(100,0.0,1.0)	gpf	 -	 False	 -
gat	 qm7b	 graph	 False	 edge_pred	 qm7b	 graph	 False	regression	(100,0.0,1.0)	gpf	 -	 True	 -
gat	 qm7b	 graph	 False	 edge_pred	 qm7b	 graph	 False	regression	(100,0.0,1.0)	gppt	 -	 -	 -
gat	 qm7b	 graph	 False	 edge_pred	 qm7b	 graph	 False	regression	(100,0.0,1.0)	graphprompt	 False	 -	 -
gat	 qm7b	 graph	 False	 edge_pred	 qm7b	 graph	 False	regression	(100,0.0,1.0)	graphprompt	 True	 -	 -
gat	 toxcast	 graph	 False	 edge_pred	 toxcast	 graph	 False	classification	(100,0.0,1.0)	all_in_one	 -	 -	 -
gat	 toxcast	 graph	 False	 edge_pred	 toxcast	 graph	 False	classification	(100,0.0,1.0)	 edgeprompt	 -	 -	 False
gat	 toxcast	 graph	 False	 edge_pred	 toxcast	 graph	 False	classification	(100,0.0,1.0)	 edgeprompt	 -	 -	 True
gat	 toxcast	 graph	 False	 edge_pred	 toxcast	 graph	 False	classification	(100,0.0,1.0)	gpf	 -	 False	 -
gat	 toxcast	 graph	 False	 edge_pred	 toxcast	 graph	 False	classification	(100,0.0,1.0)	gpf	 -	 True	 -
gat	 toxcast	 graph	 False	 edge_pred	 toxcast	 graph	 False	classification	(100,0.0,1.0)	gppt	 -	 -	 -
gat	 toxcast	 graph	 False	 edge_pred	 toxcast	 graph	 False	classification	(100,0.0,1.0)	graphprompt	 False	 -	 -
gat	 toxcast	 graph	 False	 edge_pred	 toxcast	 graph	 False	classification	(100,0.0,1.0)	graphprompt	 True	 -	 -
gat	 mnist	 graph	 False	 edge_pred	 mnist	 graph	 False	classification	(100,0.0,1.0)	all_in_one	 -	 -	 -
gat	 mnist	 graph	 False	 edge_pred	 mnist	 graph	 False	classification	(100,0.0,1.0)	 edgeprompt	 -	 -	 False
gat	 mnist	 graph	 False	 edge_pred	 mnist	 graph	 False	classification	(100,0.0,1.0)	 edgeprompt	 -	 -	 True
gat	 mnist	 graph	 False	 edge_pred	 mnist	 graph	 False	classification	(100,0.0,1.0)	gpf	 -	 False	 -
gat	 mnist	 graph	 False	 edge_pred	 mnist	 graph	 False	classification	(100,0.0,1.0)	gpf	 -	 True	 -
gat	 mnist	 graph	 False	 edge_pred	 mnist	 graph	 False	classification	(100,0.0,1.0)	gppt	 -	 -	 -
gat	 mnist	 graph	 False	 edge_pred	 mnist	 graph	 False	classification	(100,0.0,1.0)	graphprompt	 False	 -	 -
gat	 mnist	 graph	 False	 edge_pred	 mnist	 graph	 False	classification	(100,0.0,1.0)	graphprompt	 True	 -	 -
gat	 chameleon	 node	 True	 edge_pred	 chameleon	 node	 True	classification	(100,0.0,1.0)	all_in_one	 -	 -	 -
gat	 chameleon	 node	 True	 edge_pred	 chameleon	 node	 True	classification	(100,0.0,1.0)	 edgeprompt	 -	 -	 False
gat	 chameleon	 node	 True	 edge_pred	 chameleon	 node	 True	classification	(100,0.0,1.0)	 edgeprompt	 -	 -	 True
gat	 chameleon	 node	 True	 edge_pred	 chameleon	 node	 True	classification	(100,0.0,1.0)	gpf	 -	 False	 -
gat	 chameleon	 node	 True	 edge_pred	 chameleon	 node	 True	classification	(100,0.0,1.0)	gpf	 -	 True	 -
gat	 chameleon	 node	 True	 edge_pred	 chameleon	 node	 True	classification	(100,0.0,1.0)	gppt	 -	 -	 -
gat	 chameleon	 node	 True	 edge_pred	 chameleon	 node	 True	classification	(100,0.0,1.0)	graphprompt	 False	 -	 -
gat	 chameleon	 node	 True	 edge_pred	 chameleon	 node	 True	classification	(100,0.0,1.0)	graphprompt	 True	 -	 -
gat	 cornell	 node	 True	 edge_pred	 cornell	 edge	 True	classification	(0.1,0.05,0.1)	all_in_one	 -	 -	 -
gat	 cornell	 node	 True	 edge_pred	 cornell	 edge	 True	classification	(0.1,0.05,0.1)	 edgeprompt	 -	 -	 False
gat	 cornell	 node	 True	 edge_pred	 cornell	 edge	 True	classification	(0.1,0.05,0.1)	 edgeprompt	 -	 -	 True
gat	 cornell	 node	 True	 edge_pred	 cornell	 edge	 True	classification	(0.1,0.05,0.1)	gpf	 -	 False	 -
gat	 cornell	 node	 True	 edge_pred	 cornell	 edge	 True	classification	(0.1,0.05,0.1)	gpf	 -	 True	 -
gat	 cornell	 node	 True	 edge_pred	 cornell	 edge	 True	classification	(0.1,0.05,0.1)	gppt	 -	 -	 -
gat	 cornell	 node	 True	 edge_pred	 cornell	 edge	 True	classification	(0.1,0.05,0.1)	graphprompt	 False	 -	 -
gat	 cornell	 node	 True	 edge_pred	 cornell	 edge	 True	classification	(0.1,0.05,0.1)	graphprompt	 True	 -	 -
gat	 airports	 node	 True	 infograph	 airports	 node	 True	classification	(5,0.0,1.0)	all_in_one	 -	 -	 -
gat	 airports	 node	 True	 infograph	 airports	 node	 True	classification	(5,0.0,1.0)	 edgeprompt	 -	 -	 False
gat	 airports	 node	 True	 infograph	 airports	 node	 True	classification	(5,0.0,1.0)	 edgeprompt	 -	 -	 True
gat	 airports	 node	 True	 infograph	 airports	 node	 True	classification	(5,0.0,1.0)	gpf	 -	 False	 -
gat	 airports	 node	 True	 infograph	 airports	 node	 True	classification	(5,0.0,1.0)	gpf	 -	 True	 -
gat	 airports	 node	 True	 infograph	 airports	 node	 True	classification	(5,0.0,1.0)	gppt	 -	 -	 -
gat	 airports	 node	 True	 infograph	 airports	 node	 True	classification	(5,0.0,1.0)	graphprompt	 False	 -	 -
gat	 airports	 node	 True	 infograph	 airports	 node	 True	classification	(5,0.0,1.0)	graphprompt	 True	 -	 -
gat	 ogbn-arxiv	 node	 True	 infograph	 ogbn-arxiv	 node	 True	classification	(5,0.0,1.0)	all_in_one	 -	 -	 -
gat	 ogbn-arxiv	 node	 True	 infograph	 ogbn-arxiv	 node	 True	classification	(5,0.0,1.0)	 edgeprompt	 -	 -	 False
gat	 ogbn-arxiv	 node	 True	 infograph	 ogbn-arxiv	 node	 True	classification	(5,0.0,1.0)	 edgeprompt	 -	 -	 True
gat	 ogbn-arxiv	 node	 True	 infograph	 ogbn-arxiv	 node	 True	classification	(5,0.0,1.0)	gpf	 -	 False	 -
gat	 ogbn-arxiv	 node	 True	 infograph	 ogbn-arxiv	 node	 True	classification	(5,0.0,1.0)	gpf	 -	 True	 -
gat	 ogbn-arxiv	 node	 True	 infograph	 ogbn-arxiv	 node	 True	classification	(5,0.0,1.0)	gppt	 -	 -	 -
gat	 ogbn-arxiv	 node	 True	 infograph	 ogbn-arxiv	 node	 True	classification	(5,0.0,1.0)	graphprompt	 False	 -	 -
gat	 ogbn-arxiv	 node	 True	 infograph	 ogbn-arxiv	 node	 True	classification	(5,0.0,1.0)	graphprompt	 True	 -	 -
gat	 qm7b	 graph	 False	 infograph	 qm7b	 graph	 False	regression	(5,0.0,1.0)	all_in_one	 -	 -	 -
gat	 qm7b	 graph	 False	 infograph	 qm7b	 graph	 False	regression	(5,0.0,1.0)	 edgeprompt	 -	 -	 False
gat	 qm7b	 graph	 False	 infograph	 qm7b	 graph	 False	regression	(5,0.0,1.0)	 edgeprompt	 -	 -	 True
gat	 qm7b	 graph	 False	 infograph	 qm7b	 graph	 False	regression	(5,0.0,1.0)	gpf	 -	 False	 -
gat	 qm7b	 graph	 False	 infograph	 qm7b	 graph	 False	regression	(5,0.0,1.0)	gpf	 -	 True	 -
gat	 qm7b	 graph	 False	 infograph	 qm7b	 graph	 False	regression	(5,0.0,1.0)	gppt	 -	 -	 -
gat	 qm7b	 graph	 False	 infograph	 qm7b	 graph	 False	regression	(5,0.0,1.0)	graphprompt	 False	 -	 -
gat	 qm7b	 graph	 False	 infograph	 qm7b	 graph	 False	regression	(5,0.0,1.0)	graphprompt	 True	 -	 -
gat	 toxcast	 graph	 False	 infograph	 toxcast	 graph	 False	classification	(5,0.0,1.0)	all_in_one	 -	 -	 -
gat	 toxcast	 graph	 False	 infograph	 toxcast	 graph	 False	classification	(5,0.0,1.0)	 edgeprompt	 -	 -	 False
gat	 toxcast	 graph	 False	 infograph	 toxcast	 graph	 False	classification	(5,0.0,1.0)	 edgeprompt	 -	 -	 True
gat	 toxcast	 graph	 False	 infograph	 toxcast	 graph	 False	classification	(5,0.0,1.0)	gpf	 -	 False	 -
gat	 toxcast	 graph	 False	 infograph	 toxcast	 graph	 False	classification	(5,0.0,1.0)	gpf	 -	 True	 -
gat	 toxcast	 graph	 False	 infograph	 toxcast	 graph	 False	classification	(5,0.0,1.0)	gppt	 -	 -	 -
gat	 toxcast	 graph	 False	 infograph	 toxcast	 graph	 False	classification	(5,0.0,1.0)	graphprompt	 False	 -	 -
gat	 toxcast	 graph	 False	 infograph	 toxcast	 graph	 False	classification	(5,0.0,1.0)	graphprompt	 True	 -	 -
gat	 mnist	 graph	 False	 infograph	 mnist	 graph	 False	classification	(5,0.0,1.0)	all_in_one	 -	 -	 -
gat	 mnist	 graph	 False	 infograph	 mnist	 graph	 False	classification	(5,0.0,1.0)	 edgeprompt	 -	 -	 False
gat	 mnist	 graph	 False	 infograph	 mnist	 graph	 False	classification	(5,0.0,1.0)	 edgeprompt	 -	 -	 True
gat	 mnist	 graph	 False	 infograph	 mnist	 graph	 False	classification	(5,0.0,1.0)	gpf	 -	 False	 -
gat	 mnist	 graph	 False	 infograph	 mnist	 graph	 False	classification	(5,0.0,1.0)	gpf	 -	 True	 -
gat	 mnist	 graph	 False	 infograph	 mnist	 graph	 False	classification	(5,0.0,1.0)	gppt	 -	 -	 -
gat	 mnist	 graph	 False	 infograph	 mnist	 graph	 False	classification	(5,0.0,1.0)	graphprompt	 False	 -	 -
gat	 mnist	 graph	 False	 infograph	 mnist	 graph	 False	classification	(5,0.0,1.0)	graphprompt	 True	 -	 -
gat	 chameleon	 node	 True	 infograph	 chameleon	 node	 True	classification	(5,0.0,1.0)	all_in_one	 -	 -	 -
gat	 chameleon	 node	 True	 infograph	 chameleon	 node	 True	classification	(5,0.0,1.0)	 edgeprompt	 -	 -	 False
gat	 chameleon	 node	 True	 infograph	 chameleon	 node	 True	classification	(5,0.0,1.0)	 edgeprompt	 -	 -	 True
gat	 chameleon	 node	 True	 infograph	 chameleon	 node	 True	classification	(5,0.0,1.0)	gpf	 -	 False	 -
gat	 chameleon	 node	 True	 infograph	 chameleon	 node	 True	classification	(5,0.0,1.0)	gpf	 -	 True	 -
gat	 chameleon	 node	 True	 infograph	 chameleon	 node	 True	classification	(5,0.0,1.0)	gppt	 -	 -	 -
gat	 chameleon	 node	 True	 infograph	 chameleon	 node	 True	classification	(5,0.0,1.0)	graphprompt	 False	 -	 -
gat	 chameleon	 node	 True	 infograph	 chameleon	 node	 True	classification	(5,0.0,1.0)	graphprompt	 True	 -	 -
gat	 cornell	 node	 True	 infograph	 cornell	 edge	 True	classification	(0.05,0.1,0.1)	all_in_one	 -	 -	 -
gat	 cornell	 node	 True	 infograph	 cornell	 edge	 True	classification	(0.05,0.1,0.1)	 edgeprompt	 -	 -	 False
gat	 cornell	 node	 True	 infograph	 cornell	 edge	 True	classification	(0.05,0.1,0.1)	 edgeprompt	 -	 -	 True
gat	 cornell	 node	 True	 infograph	 cornell	 edge	 True	classification	(0.05,0.1,0.1)	gpf	 -	 False	 -
gat	 cornell	 node	 True	 infograph	 cornell	 edge	 True	classification	(0.05,0.1,0.1)	gpf	 -	 True	 -
gat	 cornell	 node	 True	 infograph	 cornell	 edge	 True	classification	(0.05,0.1,0.1)	gppt	 -	 -	 -
gat	 cornell	 node	 True	 infograph	 cornell	 edge	 True	classification	(0.05,0.1,0.1)	graphprompt	 False	 -	 -
gat	 cornell	 node	 True	 infograph	 cornell	 edge	 True	classification	(0.05,0.1,0.1)	graphprompt	 True	 -	 -
gat	 airports	 node	 True	 infograph	 airports	 node	 True	classification	(100,0.0,1.0)	all_in_one	 -	 -	 -
gat	 airports	 node	 True	 infograph	 airports	 node	 True	classification	(100,0.0,1.0)	 edgeprompt	 -	 -	 False
gat	 airports	 node	 True	 infograph	 airports	 node	 True	classification	(100,0.0,1.0)	 edgeprompt	 -	 -	 True
gat	 airports	 node	 True	 infograph	 airports	 node	 True	classification	(100,0.0,1.0)	gpf	 -	 False	 -
gat	 airports	 node	 True	 infograph	 airports	 node	 True	classification	(100,0.0,1.0)	gpf	 -	 True	 -
gat	 airports	 node	 True	 infograph	 airports	 node	 True	classification	(100,0.0,1.0)	gppt	 -	 -	 -
gat	 airports	 node	 True	 infograph	 airports	 node	 True	classification	(100,0.0,1.0)	graphprompt	 False	 -	 -
gat	 airports	 node	 True	 infograph	 airports	 node	 True	classification	(100,0.0,1.0)	graphprompt	 True	 -	 -
gat	 ogbn-arxiv	 node	 True	 infograph	 ogbn-arxiv	 node	 True	classification	(100,0.0,1.0)	all_in_one	 -	 -	 -
gat	 ogbn-arxiv	 node	 True	 infograph	 ogbn-arxiv	 node	 True	classification	(100,0.0,1.0)	 edgeprompt	 -	 -	 False
gat	 ogbn-arxiv	 node	 True	 infograph	 ogbn-arxiv	 node	 True	classification	(100,0.0,1.0)	 edgeprompt	 -	 -	 True
gat	 ogbn-arxiv	 node	 True	 infograph	 ogbn-arxiv	 node	 True	classification	(100,0.0,1.0)	gpf	 -	 False	 -
gat	 ogbn-arxiv	 node	 True	 infograph	 ogbn-arxiv	 node	 True	classification	(100,0.0,1.0)	gpf	 -	 True	 -
gat	 ogbn-arxiv	 node	 True	 infograph	 ogbn-arxiv	 node	 True	classification	(100,0.0,1.0)	gppt	 -	 -	 -
gat	 ogbn-arxiv	 node	 True	 infograph	 ogbn-arxiv	 node	 True	classification	(100,0.0,1.0)	graphprompt	 False	 -	 -
gat	 ogbn-arxiv	 node	 True	 infograph	 ogbn-arxiv	 node	 True	classification	(100,0.0,1.0)	graphprompt	 True	 -	 -
gat	 qm7b	 graph	 False	 infograph	 qm7b	 graph	 False	regression	(100,0.0,1.0)	all_in_one	 -	 -	 -
gat	 qm7b	 graph	 False	 infograph	 qm7b	 graph	 False	regression	(100,0.0,1.0)	 edgeprompt	 -	 -	 False
gat	 qm7b	 graph	 False	 infograph	 qm7b	 graph	 False	regression	(100,0.0,1.0)	 edgeprompt	 -	 -	 True
gat	 qm7b	 graph	 False	 infograph	 qm7b	 graph	 False	regression	(100,0.0,1.0)	gpf	 -	 False	 -
gat	 qm7b	 graph	 False	 infograph	 qm7b	 graph	 False	regression	(100,0.0,1.0)	gpf	 -	 True	 -
gat	 qm7b	 graph	 False	 infograph	 qm7b	 graph	 False	regression	(100,0.0,1.0)	gppt	 -	 -	 -
gat	 qm7b	 graph	 False	 infograph	 qm7b	 graph	 False	regression	(100,0.0,1.0)	graphprompt	 False	 -	 -
gat	 qm7b	 graph	 False	 infograph	 qm7b	 graph	 False	regression	(100,0.0,1.0)	graphprompt	 True	 -	 -
gat	 toxcast	 graph	 False	 infograph	 toxcast	 graph	 False	classification	(100,0.0,1.0)	all_in_one	 -	 -	 -
gat	 toxcast	 graph	 False	 infograph	 toxcast	 graph	 False	classification	(100,0.0,1.0)	 edgeprompt	 -	 -	 False
gat	 toxcast	 graph	 False	 infograph	 toxcast	 graph	 False	classification	(100,0.0,1.0)	 edgeprompt	 -	 -	 True
gat	 toxcast	 graph	 False	 infograph	 toxcast	 graph	 False	classification	(100,0.0,1.0)	gpf	 -	 False	 -
gat	 toxcast	 graph	 False	 infograph	 toxcast	 graph	 False	classification	(100,0.0,1.0)	gpf	 -	 True	 -
gat	 toxcast	 graph	 False	 infograph	 toxcast	 graph	 False	classification	(100,0.0,1.0)	gppt	 -	 -	 -
gat	 toxcast	 graph	 False	 infograph	 toxcast	 graph	 False	classification	(100,0.0,1.0)	graphprompt	 False	 -	 -
gat	 toxcast	 graph	 False	 infograph	 toxcast	 graph	 False	classification	(100,0.0,1.0)	graphprompt	 True	 -	 -
gat	 mnist	 graph	 False	 infograph	 mnist	 graph	 False	classification	(100,0.0,1.0)	all_in_one	 -	 -	 -
gat	 mnist	 graph	 False	 infograph	 mnist	 graph	 False	classification	(100,0.0,1.0)	 edgeprompt	 -	 -	 False
gat	 mnist	 graph	 False	 infograph	 mnist	 graph	 False	classification	(100,0.0,1.0)	 edgeprompt	 -	 -	 True
gat	 mnist	 graph	 False	 infograph	 mnist	 graph	 False	classification	(100,0.0,1.0)	gpf	 -	 False	 -
gat	 mnist	 graph	 False	 infograph	 mnist	 graph	 False	classification	(100,0.0,1.0)	gpf	 -	 True	 -
gat	 mnist	 graph	 False	 infograph	 mnist	 graph	 False	classification	(100,0.0,1.0)	gppt	 -	 -	 -
gat	 mnist	 graph	 False	 infograph	 mnist	 graph	 False	classification	(100,0.0,1.0)	graphprompt	 False	 -	 -
gat	 mnist	 graph	 False	 infograph	 mnist	 graph	 False	classification	(100,0.0,1.0)	graphprompt	 True	 -	 -
gat	 chameleon	 node	 True	 infograph	 chameleon	 node	 True	classification	(100,0.0,1.0)	all_in_one	 -	 -	 -
gat	 chameleon	 node	 True	 infograph	 chameleon	 node	 True	classification	(100,0.0,1.0)	 edgeprompt	 -	 -	 False
gat	 chameleon	 node	 True	 infograph	 chameleon	 node	 True	classification	(100,0.0,1.0)	 edgeprompt	 -	 -	 True
gat	 chameleon	 node	 True	 infograph	 chameleon	 node	 True	classification	(100,0.0,1.0)	gpf	 -	 False	 -
gat	 chameleon	 node	 True	 infograph	 chameleon	 node	 True	classification	(100,0.0,1.0)	gpf	 -	 True	 -
gat	 chameleon	 node	 True	 infograph	 chameleon	 node	 True	classification	(100,0.0,1.0)	gppt	 -	 -	 -
gat	 chameleon	 node	 True	 infograph	 chameleon	 node	 True	classification	(100,0.0,1.0)	graphprompt	 False	 -	 -
gat	 chameleon	 node	 True	 infograph	 chameleon	 node	 True	classification	(100,0.0,1.0)	graphprompt	 True	 -	 -
gat	 cornell	 node	 True	 infograph	 cornell	 edge	 True	classification	(0.1,0.05,0.1)	all_in_one	 -	 -	 -
gat	 cornell	 node	 True	 infograph	 cornell	 edge	 True	classification	(0.1,0.05,0.1)	 edgeprompt	 -	 -	 False
gat	 cornell	 node	 True	 infograph	 cornell	 edge	 True	classification	(0.1,0.05,0.1)	 edgeprompt	 -	 -	 True
gat	 cornell	 node	 True	 infograph	 cornell	 edge	 True	classification	(0.1,0.05,0.1)	gpf	 -	 False	 -
gat	 cornell	 node	 True	 infograph	 cornell	 edge	 True	classification	(0.1,0.05,0.1)	gpf	 -	 True	 -
gat	 cornell	 node	 True	 infograph	 cornell	 edge	 True	classification	(0.1,0.05,0.1)	gppt	 -	 -	 -
gat	 cornell	 node	 True	 infograph	 cornell	 edge	 True	classification	(0.1,0.05,0.1)	graphprompt	 False	 -	 -
gat	 cornell	 node	 True	 infograph	 cornell	 edge	 True	classification	(0.1,0.05,0.1)	graphprompt	 True	 -	 -
gat	 airports	 node	 True	 graphcl	 airports	 node	 True	classification	(5,0.0,1.0)	all_in_one	 -	 -	 -
gat	 airports	 node	 True	 graphcl	 airports	 node	 True	classification	(5,0.0,1.0)	 edgeprompt	 -	 -	 False
gat	 airports	 node	 True	 graphcl	 airports	 node	 True	classification	(5,0.0,1.0)	 edgeprompt	 -	 -	 True
gat	 airports	 node	 True	 graphcl	 airports	 node	 True	classification	(5,0.0,1.0)	gpf	 -	 False	 -
gat	 airports	 node	 True	 graphcl	 airports	 node	 True	classification	(5,0.0,1.0)	gpf	 -	 True	 -
gat	 airports	 node	 True	 graphcl	 airports	 node	 True	classification	(5,0.0,1.0)	gppt	 -	 -	 -
gat	 airports	 node	 True	 graphcl	 airports	 node	 True	classification	(5,0.0,1.0)	graphprompt	 False	 -	 -
gat	 airports	 node	 True	 graphcl	 airports	 node	 True	classification	(5,0.0,1.0)	graphprompt	 True	 -	 -
gat	 ogbn-arxiv	 node	 True	 graphcl	 ogbn-arxiv	 node	 True	classification	(5,0.0,1.0)	all_in_one	 -	 -	 -
gat	 ogbn-arxiv	 node	 True	 graphcl	 ogbn-arxiv	 node	 True	classification	(5,0.0,1.0)	 edgeprompt	 -	 -	 False
gat	 ogbn-arxiv	 node	 True	 graphcl	 ogbn-arxiv	 node	 True	classification	(5,0.0,1.0)	 edgeprompt	 -	 -	 True
gat	 ogbn-arxiv	 node	 True	 graphcl	 ogbn-arxiv	 node	 True	classification	(5,0.0,1.0)	gpf	 -	 False	 -
gat	 ogbn-arxiv	 node	 True	 graphcl	 ogbn-arxiv	 node	 True	classification	(5,0.0,1.0)	gpf	 -	 True	 -
gat	 ogbn-arxiv	 node	 True	 graphcl	 ogbn-arxiv	 node	 True	classification	(5,0.0,1.0)	gppt	 -	 -	 -
gat	 ogbn-arxiv	 node	 True	 graphcl	 ogbn-arxiv	 node	 True	classification	(5,0.0,1.0)	graphprompt	 False	 -	 -
gat	 ogbn-arxiv	 node	 True	 graphcl	 ogbn-arxiv	 node	 True	classification	(5,0.0,1.0)	graphprompt	 True	 -	 -
gat	 qm7b	 graph	 False	 graphcl	 qm7b	 graph	 False	regression	(5,0.0,1.0)	all_in_one	 -	 -	 -
gat	 qm7b	 graph	 False	 graphcl	 qm7b	 graph	 False	regression	(5,0.0,1.0)	 edgeprompt	 -	 -	 False
gat	 qm7b	 graph	 False	 graphcl	 qm7b	 graph	 False	regression	(5,0.0,1.0)	 edgeprompt	 -	 -	 True
gat	 qm7b	 graph	 False	 graphcl	 qm7b	 graph	 False	regression	(5,0.0,1.0)	gpf	 -	 False	 -
gat	 qm7b	 graph	 False	 graphcl	 qm7b	 graph	 False	regression	(5,0.0,1.0)	gpf	 -	 True	 -
gat	 qm7b	 graph	 False	 graphcl	 qm7b	 graph	 False	regression	(5,0.0,1.0)	gppt	 -	 -	 -
gat	 qm7b	 graph	 False	 graphcl	 qm7b	 graph	 False	regression	(5,0.0,1.0)	graphprompt	 False	 -	 -
gat	 qm7b	 graph	 False	 graphcl	 qm7b	 graph	 False	regression	(5,0.0,1.0)	graphprompt	 True	 -	 -
gat	 toxcast	 graph	 False	 graphcl	 toxcast	 graph	 False	classification	(5,0.0,1.0)	all_in_one	 -	 -	 -
gat	 toxcast	 graph	 False	 graphcl	 toxcast	 graph	 False	classification	(5,0.0,1.0)	 edgeprompt	 -	 -	 False
gat	 toxcast	 graph	 False	 graphcl	 toxcast	 graph	 False	classification	(5,0.0,1.0)	 edgeprompt	 -	 -	 True
gat	 toxcast	 graph	 False	 graphcl	 toxcast	 graph	 False	classification	(5,0.0,1.0)	gpf	 -	 False	 -
gat	 toxcast	 graph	 False	 graphcl	 toxcast	 graph	 False	classification	(5,0.0,1.0)	gpf	 -	 True	 -
gat	 toxcast	 graph	 False	 graphcl	 toxcast	 graph	 False	classification	(5,0.0,1.0)	gppt	 -	 -	 -
gat	 toxcast	 graph	 False	 graphcl	 toxcast	 graph	 False	classification	(5,0.0,1.0)	graphprompt	 False	 -	 -
gat	 toxcast	 graph	 False	 graphcl	 toxcast	 graph	 False	classification	(5,0.0,1.0)	graphprompt	 True	 -	 -
gat	 mnist	 graph	 False	 graphcl	 mnist	 graph	 False	classification	(5,0.0,1.0)	all_in_one	 -	 -	 -
gat	 mnist	 graph	 False	 graphcl	 mnist	 graph	 False	classification	(5,0.0,1.0)	 edgeprompt	 -	 -	 False
gat	 mnist	 graph	 False	 graphcl	 mnist	 graph	 False	classification	(5,0.0,1.0)	 edgeprompt	 -	 -	 True
gat	 mnist	 graph	 False	 graphcl	 mnist	 graph	 False	classification	(5,0.0,1.0)	gpf	 -	 False	 -
gat	 mnist	 graph	 False	 graphcl	 mnist	 graph	 False	classification	(5,0.0,1.0)	gpf	 -	 True	 -
gat	 mnist	 graph	 False	 graphcl	 mnist	 graph	 False	classification	(5,0.0,1.0)	gppt	 -	 -	 -
gat	 mnist	 graph	 False	 graphcl	 mnist	 graph	 False	classification	(5,0.0,1.0)	graphprompt	 False	 -	 -
gat	 mnist	 graph	 False	 graphcl	 mnist	 graph	 False	classification	(5,0.0,1.0)	graphprompt	 True	 -	 -
gat	 chameleon	 node	 True	 graphcl	 chameleon	 node	 True	classification	(5,0.0,1.0)	all_in_one	 -	 -	 -
gat	 chameleon	 node	 True	 graphcl	 chameleon	 node	 True	classification	(5,0.0,1.0)	 edgeprompt	 -	 -	 False
gat	 chameleon	 node	 True	 graphcl	 chameleon	 node	 True	classification	(5,0.0,1.0)	 edgeprompt	 -	 -	 True
gat	 chameleon	 node	 True	 graphcl	 chameleon	 node	 True	classification	(5,0.0,1.0)	gpf	 -	 False	 -
gat	 chameleon	 node	 True	 graphcl	 chameleon	 node	 True	classification	(5,0.0,1.0)	gpf	 -	 True	 -
gat	 chameleon	 node	 True	 graphcl	 chameleon	 node	 True	classification	(5,0.0,1.0)	gppt	 -	 -	 -
gat	 chameleon	 node	 True	 graphcl	 chameleon	 node	 True	classification	(5,0.0,1.0)	graphprompt	 False	 -	 -
gat	 chameleon	 node	 True	 graphcl	 chameleon	 node	 True	classification	(5,0.0,1.0)	graphprompt	 True	 -	 -
gat	 cornell	 node	 True	 graphcl	 cornell	 edge	 True	classification	(0.05,0.1,0.1)	all_in_one	 -	 -	 -
gat	 cornell	 node	 True	 graphcl	 cornell	 edge	 True	classification	(0.05,0.1,0.1)	 edgeprompt	 -	 -	 False
gat	 cornell	 node	 True	 graphcl	 cornell	 edge	 True	classification	(0.05,0.1,0.1)	 edgeprompt	 -	 -	 True
gat	 cornell	 node	 True	 graphcl	 cornell	 edge	 True	classification	(0.05,0.1,0.1)	gpf	 -	 False	 -
gat	 cornell	 node	 True	 graphcl	 cornell	 edge	 True	classification	(0.05,0.1,0.1)	gpf	 -	 True	 -
gat	 cornell	 node	 True	 graphcl	 cornell	 edge	 True	classification	(0.05,0.1,0.1)	gppt	 -	 -	 -
gat	 cornell	 node	 True	 graphcl	 cornell	 edge	 True	classification	(0.05,0.1,0.1)	graphprompt	 False	 -	 -
gat	 cornell	 node	 True	 graphcl	 cornell	 edge	 True	classification	(0.05,0.1,0.1)	graphprompt	 True	 -	 -
gat	 airports	 node	 True	 graphcl	 airports	 node	 True	classification	(100,0.0,1.0)	all_in_one	 -	 -	 -
gat	 airports	 node	 True	 graphcl	 airports	 node	 True	classification	(100,0.0,1.0)	 edgeprompt	 -	 -	 False
gat	 airports	 node	 True	 graphcl	 airports	 node	 True	classification	(100,0.0,1.0)	 edgeprompt	 -	 -	 True
gat	 airports	 node	 True	 graphcl	 airports	 node	 True	classification	(100,0.0,1.0)	gpf	 -	 False	 -
gat	 airports	 node	 True	 graphcl	 airports	 node	 True	classification	(100,0.0,1.0)	gpf	 -	 True	 -
gat	 airports	 node	 True	 graphcl	 airports	 node	 True	classification	(100,0.0,1.0)	gppt	 -	 -	 -
gat	 airports	 node	 True	 graphcl	 airports	 node	 True	classification	(100,0.0,1.0)	graphprompt	 False	 -	 -
gat	 airports	 node	 True	 graphcl	 airports	 node	 True	classification	(100,0.0,1.0)	graphprompt	 True	 -	 -
gat	 ogbn-arxiv	 node	 True	 graphcl	 ogbn-arxiv	 node	 True	classification	(100,0.0,1.0)	all_in_one	 -	 -	 -
gat	 ogbn-arxiv	 node	 True	 graphcl	 ogbn-arxiv	 node	 True	classification	(100,0.0,1.0)	 edgeprompt	 -	 -	 False
gat	 ogbn-arxiv	 node	 True	 graphcl	 ogbn-arxiv	 node	 True	classification	(100,0.0,1.0)	 edgeprompt	 -	 -	 True
gat	 ogbn-arxiv	 node	 True	 graphcl	 ogbn-arxiv	 node	 True	classification	(100,0.0,1.0)	gpf	 -	 False	 -
gat	 ogbn-arxiv	 node	 True	 graphcl	 ogbn-arxiv	 node	 True	classification	(100,0.0,1.0)	gpf	 -	 True	 -
gat	 ogbn-arxiv	 node	 True	 graphcl	 ogbn-arxiv	 node	 True	classification	(100,0.0,1.0)	gppt	 -	 -	 -
gat	 ogbn-arxiv	 node	 True	 graphcl	 ogbn-arxiv	 node	 True	classification	(100,0.0,1.0)	graphprompt	 False	 -	 -
gat	 ogbn-arxiv	 node	 True	 graphcl	 ogbn-arxiv	 node	 True	classification	(100,0.0,1.0)	graphprompt	 True	 -	 -
gat	 qm7b	 graph	 False	 graphcl	 qm7b	 graph	 False	regression	(100,0.0,1.0)	all_in_one	 -	 -	 -
gat	 qm7b	 graph	 False	 graphcl	 qm7b	 graph	 False	regression	(100,0.0,1.0)	 edgeprompt	 -	 -	 False
gat	 qm7b	 graph	 False	 graphcl	 qm7b	 graph	 False	regression	(100,0.0,1.0)	 edgeprompt	 -	 -	 True
gat	 qm7b	 graph	 False	 graphcl	 qm7b	 graph	 False	regression	(100,0.0,1.0)	gpf	 -	 False	 -
gat	 qm7b	 graph	 False	 graphcl	 qm7b	 graph	 False	regression	(100,0.0,1.0)	gpf	 -	 True	 -
gat	 qm7b	 graph	 False	 graphcl	 qm7b	 graph	 False	regression	(100,0.0,1.0)	gppt	 -	 -	 -
gat	 qm7b	 graph	 False	 graphcl	 qm7b	 graph	 False	regression	(100,0.0,1.0)	graphprompt	 False	 -	 -
gat	 qm7b	 graph	 False	 graphcl	 qm7b	 graph	 False	regression	(100,0.0,1.0)	graphprompt	 True	 -	 -
gat	 toxcast	 graph	 False	 graphcl	 toxcast	 graph	 False	classification	(100,0.0,1.0)	all_in_one	 -	 -	 -
gat	 toxcast	 graph	 False	 graphcl	 toxcast	 graph	 False	classification	(100,0.0,1.0)	 edgeprompt	 -	 -	 False
gat	 toxcast	 graph	 False	 graphcl	 toxcast	 graph	 False	classification	(100,0.0,1.0)	 edgeprompt	 -	 -	 True
gat	 toxcast	 graph	 False	 graphcl	 toxcast	 graph	 False	classification	(100,0.0,1.0)	gpf	 -	 False	 -
gat	 toxcast	 graph	 False	 graphcl	 toxcast	 graph	 False	classification	(100,0.0,1.0)	gpf	 -	 True	 -
gat	 toxcast	 graph	 False	 graphcl	 toxcast	 graph	 False	classification	(100,0.0,1.0)	gppt	 -	 -	 -
gat	 toxcast	 graph	 False	 graphcl	 toxcast	 graph	 False	classification	(100,0.0,1.0)	graphprompt	 False	 -	 -
gat	 toxcast	 graph	 False	 graphcl	 toxcast	 graph	 False	classification	(100,0.0,1.0)	graphprompt	 True	 -	 -
gat	 mnist	 graph	 False	 graphcl	 mnist	 graph	 False	classification	(100,0.0,1.0)	all_in_one	 -	 -	 -
gat	 mnist	 graph	 False	 graphcl	 mnist	 graph	 False	classification	(100,0.0,1.0)	 edgeprompt	 -	 -	 False
gat	 mnist	 graph	 False	 graphcl	 mnist	 graph	 False	classification	(100,0.0,1.0)	 edgeprompt	 -	 -	 True
gat	 mnist	 graph	 False	 graphcl	 mnist	 graph	 False	classification	(100,0.0,1.0)	gpf	 -	 False	 -
gat	 mnist	 graph	 False	 graphcl	 mnist	 graph	 False	classification	(100,0.0,1.0)	gpf	 -	 True	 -
gat	 mnist	 graph	 False	 graphcl	 mnist	 graph	 False	classification	(100,0.0,1.0)	gppt	 -	 -	 -
gat	 mnist	 graph	 False	 graphcl	 mnist	 graph	 False	classification	(100,0.0,1.0)	graphprompt	 False	 -	 -
gat	 mnist	 graph	 False	 graphcl	 mnist	 graph	 False	classification	(100,0.0,1.0)	graphprompt	 True	 -	 -
gat	 chameleon	 node	 True	 graphcl	 chameleon	 node	 True	classification	(100,0.0,1.0)	all_in_one	 -	 -	 -
gat	 chameleon	 node	 True	 graphcl	 chameleon	 node	 True	classification	(100,0.0,1.0)	 edgeprompt	 -	 -	 False
gat	 chameleon	 node	 True	 graphcl	 chameleon	 node	 True	classification	(100,0.0,1.0)	 edgeprompt	 -	 -	 True
gat	 chameleon	 node	 True	 graphcl	 chameleon	 node	 True	classification	(100,0.0,1.0)	gpf	 -	 False	 -
gat	 chameleon	 node	 True	 graphcl	 chameleon	 node	 True	classification	(100,0.0,1.0)	gpf	 -	 True	 -
gat	 chameleon	 node	 True	 graphcl	 chameleon	 node	 True	classification	(100,0.0,1.0)	gppt	 -	 -	 -
gat	 chameleon	 node	 True	 graphcl	 chameleon	 node	 True	classification	(100,0.0,1.0)	graphprompt	 False	 -	 -
gat	 chameleon	 node	 True	 graphcl	 chameleon	 node	 True	classification	(100,0.0,1.0)	graphprompt	 True	 -	 -
gat	 cornell	 node	 True	 graphcl	 cornell	 edge	 True	classification	(0.1,0.05,0.1)	all_in_one	 -	 -	 -
gat	 cornell	 node	 True	 graphcl	 cornell	 edge	 True	classification	(0.1,0.05,0.1)	 edgeprompt	 -	 -	 False
gat	 cornell	 node	 True	 graphcl	 cornell	 edge	 True	classification	(0.1,0.05,0.1)	 edgeprompt	 -	 -	 True
gat	 cornell	 node	 True	 graphcl	 cornell	 edge	 True	classification	(0.1,0.05,0.1)	gpf	 -	 False	 -
gat	 cornell	 node	 True	 graphcl	 cornell	 edge	 True	classification	(0.1,0.05,0.1)	gpf	 -	 True	 -
gat	 cornell	 node	 True	 graphcl	 cornell	 edge	 True	classification	(0.1,0.05,0.1)	gppt	 -	 -	 -
gat	 cornell	 node	 True	 graphcl	 cornell	 edge	 True	classification	(0.1,0.05,0.1)	graphprompt	 False	 -	 -
gat	 cornell	 node	 True	 graphcl	 cornell	 edge	 True	classification	(0.1,0.05,0.1)	graphprompt	 True	 -	 -
gat	photo	node	True	attr_masking	photo	node	True	classification	(5,0.0,1.0)	supervised	-	-	-
gat	photo	node	True	context_pred	photo	node	True	classification	(5,0.0,1.0)	supervised	-	-	-
gat	photo	node	True	dgi	photo	node	True	classification	(5,0.0,1.0)	supervised	-	-	-
gat	photo	node	True	edge_pred	photo	node	True	classification	(5,0.0,1.0)	supervised	-	-	-
gat	photo	node	True	infograph	photo	node	True	classification	(5,0.0,1.0)	supervised	-	-	-
gat	photo	node	True	graphcl	photo	node	True	classification	(5,0.0,1.0)	supervised	-	-	-
gat	photo	node	True	attr_masking	photo	node	True	classification	(100,0.0,1.0)	supervised	-	-	-
gat	photo	node	True	context_pred	photo	node	True	classification	(100,0.0,1.0)	supervised	-	-	-
gat	photo	node	True	dgi	photo	node	True	classification	(100,0.0,1.0)	supervised	-	-	-
gat	photo	node	True	edge_pred	photo	node	True	classification	(100,0.0,1.0)	supervised	-	-	-
gat	photo	node	True	infograph	photo	node	True	classification	(100,0.0,1.0)	supervised	-	-	-
gat	photo	node	True	graphcl	photo	node	True	classification	(100,0.0,1.0)	supervised	-	-	-
gat	photo	node	True	attr_masking	photo	node	True	classification	(5,0.0,1.0)	all_in_one	-	-	-
gat	photo	node	True	attr_masking	photo	node	True	classification	(5,0.0,1.0)	edgeprompt	-	-	False
gat	photo	node	True	attr_masking	photo	node	True	classification	(5,0.0,1.0)	edgeprompt	-	-	True
gat	photo	node	True	attr_masking	photo	node	True	classification	(5,0.0,1.0)	gpf	-	False	-
gat	photo	node	True	attr_masking	photo	node	True	classification	(5,0.0,1.0)	gpf	-	True	-
gat	photo	node	True	attr_masking	photo	node	True	classification	(5,0.0,1.0)	gppt	-	-	-
gat	photo	node	True	attr_masking	photo	node	True	classification	(5,0.0,1.0)	graphprompt	False	-	-
gat	photo	node	True	attr_masking	photo	node	True	classification	(5,0.0,1.0)	graphprompt	True	-	-
gat	photo	node	True	attr_masking	photo	node	True	classification	(100,0.0,1.0)	all_in_one	-	-	-
gat	photo	node	True	attr_masking	photo	node	True	classification	(100,0.0,1.0)	edgeprompt	-	-	False
gat	photo	node	True	attr_masking	photo	node	True	classification	(100,0.0,1.0)	edgeprompt	-	-	True
gat	photo	node	True	attr_masking	photo	node	True	classification	(100,0.0,1.0)	gpf	-	False	-
gat	photo	node	True	attr_masking	photo	node	True	classification	(100,0.0,1.0)	gpf	-	True	-
gat	photo	node	True	attr_masking	photo	node	True	classification	(100,0.0,1.0)	gppt	-	-	-
gat	photo	node	True	attr_masking	photo	node	True	classification	(100,0.0,1.0)	graphprompt	False	-	-
gat	photo	node	True	attr_masking	photo	node	True	classification	(100,0.0,1.0)	graphprompt	True	-	-
gat	photo	node	True	context_pred	photo	node	True	classification	(5,0.0,1.0)	all_in_one	-	-	-
gat	photo	node	True	context_pred	photo	node	True	classification	(5,0.0,1.0)	edgeprompt	-	-	False
gat	photo	node	True	context_pred	photo	node	True	classification	(5,0.0,1.0)	edgeprompt	-	-	True
gat	photo	node	True	context_pred	photo	node	True	classification	(5,0.0,1.0)	gpf	-	False	-
gat	photo	node	True	context_pred	photo	node	True	classification	(5,0.0,1.0)	gpf	-	True	-
gat	photo	node	True	context_pred	photo	node	True	classification	(5,0.0,1.0)	gppt	-	-	-
gat	photo	node	True	context_pred	photo	node	True	classification	(5,0.0,1.0)	graphprompt	False	-	-
gat	photo	node	True	context_pred	photo	node	True	classification	(5,0.0,1.0)	graphprompt	True	-	-
gat	photo	node	True	context_pred	photo	node	True	classification	(100,0.0,1.0)	all_in_one	-	-	-
gat	photo	node	True	context_pred	photo	node	True	classification	(100,0.0,1.0)	edgeprompt	-	-	False
gat	photo	node	True	context_pred	photo	node	True	classification	(100,0.0,1.0)	edgeprompt	-	-	True
gat	photo	node	True	context_pred	photo	node	True	classification	(100,0.0,1.0)	gpf	-	False	-
gat	photo	node	True	context_pred	photo	node	True	classification	(100,0.0,1.0)	gpf	-	True	-
gat	photo	node	True	context_pred	photo	node	True	classification	(100,0.0,1.0)	gppt	-	-	-
gat	photo	node	True	context_pred	photo	node	True	classification	(100,0.0,1.0)	graphprompt	False	-	-
gat	photo	node	True	context_pred	photo	node	True	classification	(100,0.0,1.0)	graphprompt	True	-	-
gat	photo	node	True	dgi	photo	node	True	classification	(5,0.0,1.0)	all_in_one	-	-	-
gat	photo	node	True	dgi	photo	node	True	classification	(5,0.0,1.0)	edgeprompt	-	-	False
gat	photo	node	True	dgi	photo	node	True	classification	(5,0.0,1.0)	edgeprompt	-	-	True
gat	photo	node	True	dgi	photo	node	True	classification	(5,0.0,1.0)	gpf	-	False	-
gat	photo	node	True	dgi	photo	node	True	classification	(5,0.0,1.0)	gpf	-	True	-
gat	photo	node	True	dgi	photo	node	True	classification	(5,0.0,1.0)	gppt	-	-	-
gat	photo	node	True	dgi	photo	node	True	classification	(5,0.0,1.0)	graphprompt	False	-	-
gat	photo	node	True	dgi	photo	node	True	classification	(5,0.0,1.0)	graphprompt	True	-	-
gat	photo	node	True	dgi	photo	node	True	classification	(100,0.0,1.0)	all_in_one	-	-	-
gat	photo	node	True	dgi	photo	node	True	classification	(100,0.0,1.0)	edgeprompt	-	-	False
gat	photo	node	True	dgi	photo	node	True	classification	(100,0.0,1.0)	edgeprompt	-	-	True
gat	photo	node	True	dgi	photo	node	True	classification	(100,0.0,1.0)	gpf	-	False	-
gat	photo	node	True	dgi	photo	node	True	classification	(100,0.0,1.0)	gpf	-	True	-
gat	photo	node	True	dgi	photo	node	True	classification	(100,0.0,1.0)	gppt	-	-	-
gat	photo	node	True	dgi	photo	node	True	classification	(100,0.0,1.0)	graphprompt	False	-	-
gat	photo	node	True	dgi	photo	node	True	classification	(100,0.0,1.0)	graphprompt	True	-	-
gat	photo	node	True	edge_pred	photo	node	True	classification	(5,0.0,1.0)	all_in_one	-	-	-
gat	photo	node	True	edge_pred	photo	node	True	classification	(5,0.0,1.0)	edgeprompt	-	-	False
gat	photo	node	True	edge_pred	photo	node	True	classification	(5,0.0,1.0)	edgeprompt	-	-	True
gat	photo	node	True	edge_pred	photo	node	True	classification	(5,0.0,1.0)	gpf	-	False	-
gat	photo	node	True	edge_pred	photo	node	True	classification	(5,0.0,1.0)	gpf	-	True	-
gat	photo	node	True	edge_pred	photo	node	True	classification	(5,0.0,1.0)	gppt	-	-	-
gat	photo	node	True	edge_pred	photo	node	True	classification	(5,0.0,1.0)	graphprompt	False	-	-
gat	photo	node	True	edge_pred	photo	node	True	classification	(5,0.0,1.0)	graphprompt	True	-	-
gat	photo	node	True	edge_pred	photo	node	True	classification	(100,0.0,1.0)	all_in_one	-	-	-
gat	photo	node	True	edge_pred	photo	node	True	classification	(100,0.0,1.0)	edgeprompt	-	-	False
gat	photo	node	True	edge_pred	photo	node	True	classification	(100,0.0,1.0)	edgeprompt	-	-	True
gat	photo	node	True	edge_pred	photo	node	True	classification	(100,0.0,1.0)	gpf	-	False	-
gat	photo	node	True	edge_pred	photo	node	True	classification	(100,0.0,1.0)	gpf	-	True	-
gat	photo	node	True	edge_pred	photo	node	True	classification	(100,0.0,1.0)	gppt	-	-	-
gat	photo	node	True	edge_pred	photo	node	True	classification	(100,0.0,1.0)	graphprompt	False	-	-
gat	photo	node	True	edge_pred	photo	node	True	classification	(100,0.0,1.0)	graphprompt	True	-	-
gat	photo	node	True	infograph	photo	node	True	classification	(5,0.0,1.0)	all_in_one	-	-	-
gat	photo	node	True	infograph	photo	node	True	classification	(5,0.0,1.0)	edgeprompt	-	-	False
gat	photo	node	True	infograph	photo	node	True	classification	(5,0.0,1.0)	edgeprompt	-	-	True
gat	photo	node	True	infograph	photo	node	True	classification	(5,0.0,1.0)	gpf	-	False	-
gat	photo	node	True	infograph	photo	node	True	classification	(5,0.0,1.0)	gpf	-	True	-
gat	photo	node	True	infograph	photo	node	True	classification	(5,0.0,1.0)	gppt	-	-	-
gat	photo	node	True	infograph	photo	node	True	classification	(5,0.0,1.0)	graphprompt	False	-	-
gat	photo	node	True	infograph	photo	node	True	classification	(5,0.0,1.0)	graphprompt	True	-	-
gat	photo	node	True	infograph	photo	node	True	classification	(100,0.0,1.0)	all_in_one	-	-	-
gat	photo	node	True	infograph	photo	node	True	classification	(100,0.0,1.0)	edgeprompt	-	-	False
gat	photo	node	True	infograph	photo	node	True	classification	(100,0.0,1.0)	edgeprompt	-	-	True
gat	photo	node	True	infograph	photo	node	True	classification	(100,0.0,1.0)	gpf	-	False	-
gat	photo	node	True	infograph	photo	node	True	classification	(100,0.0,1.0)	gpf	-	True	-
gat	photo	node	True	infograph	photo	node	True	classification	(100,0.0,1.0)	gppt	-	-	-
gat	photo	node	True	infograph	photo	node	True	classification	(100,0.0,1.0)	graphprompt	False	-	-
gat	photo	node	True	infograph	photo	node	True	classification	(100,0.0,1.0)	graphprompt	True	-	-
gat	photo	node	True	graphcl	photo	node	True	classification	(5,0.0,1.0)	all_in_one	-	-	-
gat	photo	node	True	graphcl	photo	node	True	classification	(5,0.0,1.0)	edgeprompt	-	-	False
gat	photo	node	True	graphcl	photo	node	True	classification	(5,0.0,1.0)	edgeprompt	-	-	True
gat	photo	node	True	graphcl	photo	node	True	classification	(5,0.0,1.0)	gpf	-	False	-
gat	photo	node	True	graphcl	photo	node	True	classification	(5,0.0,1.0)	gpf	-	True	-
gat	photo	node	True	graphcl	photo	node	True	classification	(5,0.0,1.0)	gppt	-	-	-
gat	photo	node	True	graphcl	photo	node	True	classification	(5,0.0,1.0)	graphprompt	False	-	-
gat	photo	node	True	graphcl	photo	node	True	classification	(5,0.0,1.0)	graphprompt	True	-	-
gat	photo	node	True	graphcl	photo	node	True	classification	(100,0.0,1.0)	all_in_one	-	-	-
gat	photo	node	True	graphcl	photo	node	True	classification	(100,0.0,1.0)	edgeprompt	-	-	False
gat	photo	node	True	graphcl	photo	node	True	classification	(100,0.0,1.0)	edgeprompt	-	-	True
gat	photo	node	True	graphcl	photo	node	True	classification	(100,0.0,1.0)	gpf	-	False	-
gat	photo	node	True	graphcl	photo	node	True	classification	(100,0.0,1.0)	gpf	-	True	-
gat	photo	node	True	graphcl	photo	node	True	classification	(100,0.0,1.0)	gppt	-	-	-
gat	photo	node	True	graphcl	photo	node	True	classification	(100,0.0,1.0)	graphprompt	False	-	-
gat	photo	node	True	graphcl	photo	node	True	classification	(100,0.0,1.0)	graphprompt	True	-	-
gat	dblp	node	True	attr_masking	dblp	edge	True	classification	(0.05,0.1,0.1)	supervised	-	-	-
gat	dblp	node	True	context_pred	dblp	edge	True	classification	(0.05,0.1,0.1)	supervised	-	-	-
gat	dblp	node	True	dgi	dblp	edge	True	classification	(0.05,0.1,0.1)	supervised	-	-	-
gat	dblp	node	True	edge_pred	dblp	edge	True	classification	(0.05,0.1,0.1)	supervised	-	-	-
gat	dblp	node	True	infograph	dblp	edge	True	classification	(0.05,0.1,0.1)	supervised	-	-	-
gat	dblp	node	True	graphcl	dblp	edge	True	classification	(0.05,0.1,0.1)	supervised	-	-	-
gat	dblp	node	True	attr_masking	dblp	edge	True	classification	(0.1,0.05,0.1)	supervised	-	-	-
gat	dblp	node	True	context_pred	dblp	edge	True	classification	(0.1,0.05,0.1)	supervised	-	-	-
gat	dblp	node	True	dgi	dblp	edge	True	classification	(0.1,0.05,0.1)	supervised	-	-	-
gat	dblp	node	True	edge_pred	dblp	edge	True	classification	(0.1,0.05,0.1)	supervised	-	-	-
gat	dblp	node	True	infograph	dblp	edge	True	classification	(0.1,0.05,0.1)	supervised	-	-	-
gat	dblp	node	True	graphcl	dblp	edge	True	classification	(0.1,0.05,0.1)	supervised	-	-	-
gat	dblp	node	True	attr_masking	dblp	edge	True	classification	(0.05,0.1,0.1)	all_in_one	-	-	-
gat	dblp	node	True	attr_masking	dblp	edge	True	classification	(0.05,0.1,0.1)	edgeprompt	-	-	False
gat	dblp	node	True	attr_masking	dblp	edge	True	classification	(0.05,0.1,0.1)	edgeprompt	-	-	True
gat	dblp	node	True	attr_masking	dblp	edge	True	classification	(0.05,0.1,0.1)	gpf	-	False	-
gat	dblp	node	True	attr_masking	dblp	edge	True	classification	(0.05,0.1,0.1)	gpf	-	True	-
gat	dblp	node	True	attr_masking	dblp	edge	True	classification	(0.05,0.1,0.1)	gppt	-	-	-
gat	dblp	node	True	attr_masking	dblp	edge	True	classification	(0.05,0.1,0.1)	graphprompt	False	-	-
gat	dblp	node	True	attr_masking	dblp	edge	True	classification	(0.05,0.1,0.1)	graphprompt	True	-	-
gat	dblp	node	True	attr_masking	dblp	edge	True	classification	(0.1,0.05,0.1)	all_in_one	-	-	-
gat	dblp	node	True	attr_masking	dblp	edge	True	classification	(0.1,0.05,0.1)	edgeprompt	-	-	False
gat	dblp	node	True	attr_masking	dblp	edge	True	classification	(0.1,0.05,0.1)	edgeprompt	-	-	True
gat	dblp	node	True	attr_masking	dblp	edge	True	classification	(0.1,0.05,0.1)	gpf	-	False	-
gat	dblp	node	True	attr_masking	dblp	edge	True	classification	(0.1,0.05,0.1)	gpf	-	True	-
gat	dblp	node	True	attr_masking	dblp	edge	True	classification	(0.1,0.05,0.1)	gppt	-	-	-
gat	dblp	node	True	attr_masking	dblp	edge	True	classification	(0.1,0.05,0.1)	graphprompt	False	-	-
gat	dblp	node	True	attr_masking	dblp	edge	True	classification	(0.1,0.05,0.1)	graphprompt	True	-	-
gat	dblp	node	True	context_pred	dblp	edge	True	classification	(0.05,0.1,0.1)	all_in_one	-	-	-
gat	dblp	node	True	context_pred	dblp	edge	True	classification	(0.05,0.1,0.1)	edgeprompt	-	-	False
gat	dblp	node	True	context_pred	dblp	edge	True	classification	(0.05,0.1,0.1)	edgeprompt	-	-	True
gat	dblp	node	True	context_pred	dblp	edge	True	classification	(0.05,0.1,0.1)	gpf	-	False	-
gat	dblp	node	True	context_pred	dblp	edge	True	classification	(0.05,0.1,0.1)	gpf	-	True	-
gat	dblp	node	True	context_pred	dblp	edge	True	classification	(0.05,0.1,0.1)	gppt	-	-	-
gat	dblp	node	True	context_pred	dblp	edge	True	classification	(0.05,0.1,0.1)	graphprompt	False	-	-
gat	dblp	node	True	context_pred	dblp	edge	True	classification	(0.05,0.1,0.1)	graphprompt	True	-	-
gat	dblp	node	True	context_pred	dblp	edge	True	classification	(0.1,0.05,0.1)	all_in_one	-	-	-
gat	dblp	node	True	context_pred	dblp	edge	True	classification	(0.1,0.05,0.1)	edgeprompt	-	-	False
gat	dblp	node	True	context_pred	dblp	edge	True	classification	(0.1,0.05,0.1)	edgeprompt	-	-	True
gat	dblp	node	True	context_pred	dblp	edge	True	classification	(0.1,0.05,0.1)	gpf	-	False	-
gat	dblp	node	True	context_pred	dblp	edge	True	classification	(0.1,0.05,0.1)	gpf	-	True	-
gat	dblp	node	True	context_pred	dblp	edge	True	classification	(0.1,0.05,0.1)	gppt	-	-	-
gat	dblp	node	True	context_pred	dblp	edge	True	classification	(0.1,0.05,0.1)	graphprompt	False	-	-
gat	dblp	node	True	context_pred	dblp	edge	True	classification	(0.1,0.05,0.1)	graphprompt	True	-	-
gat	dblp	node	True	dgi	dblp	edge	True	classification	(0.05,0.1,0.1)	all_in_one	-	-	-
gat	dblp	node	True	dgi	dblp	edge	True	classification	(0.05,0.1,0.1)	edgeprompt	-	-	False
gat	dblp	node	True	dgi	dblp	edge	True	classification	(0.05,0.1,0.1)	edgeprompt	-	-	True
gat	dblp	node	True	dgi	dblp	edge	True	classification	(0.05,0.1,0.1)	gpf	-	False	-
gat	dblp	node	True	dgi	dblp	edge	True	classification	(0.05,0.1,0.1)	gpf	-	True	-
gat	dblp	node	True	dgi	dblp	edge	True	classification	(0.05,0.1,0.1)	gppt	-	-	-
gat	dblp	node	True	dgi	dblp	edge	True	classification	(0.05,0.1,0.1)	graphprompt	False	-	-
gat	dblp	node	True	dgi	dblp	edge	True	classification	(0.05,0.1,0.1)	graphprompt	True	-	-
gat	dblp	node	True	dgi	dblp	edge	True	classification	(0.1,0.05,0.1)	all_in_one	-	-	-
gat	dblp	node	True	dgi	dblp	edge	True	classification	(0.1,0.05,0.1)	edgeprompt	-	-	False
gat	dblp	node	True	dgi	dblp	edge	True	classification	(0.1,0.05,0.1)	edgeprompt	-	-	True
gat	dblp	node	True	dgi	dblp	edge	True	classification	(0.1,0.05,0.1)	gpf	-	False	-
gat	dblp	node	True	dgi	dblp	edge	True	classification	(0.1,0.05,0.1)	gpf	-	True	-
gat	dblp	node	True	dgi	dblp	edge	True	classification	(0.1,0.05,0.1)	gppt	-	-	-
gat	dblp	node	True	dgi	dblp	edge	True	classification	(0.1,0.05,0.1)	graphprompt	False	-	-
gat	dblp	node	True	dgi	dblp	edge	True	classification	(0.1,0.05,0.1)	graphprompt	True	-	-
gat	dblp	node	True	edge_pred	dblp	edge	True	classification	(0.05,0.1,0.1)	all_in_one	-	-	-
gat	dblp	node	True	edge_pred	dblp	edge	True	classification	(0.05,0.1,0.1)	edgeprompt	-	-	False
gat	dblp	node	True	edge_pred	dblp	edge	True	classification	(0.05,0.1,0.1)	edgeprompt	-	-	True
gat	dblp	node	True	edge_pred	dblp	edge	True	classification	(0.05,0.1,0.1)	gpf	-	False	-
gat	dblp	node	True	edge_pred	dblp	edge	True	classification	(0.05,0.1,0.1)	gpf	-	True	-
gat	dblp	node	True	edge_pred	dblp	edge	True	classification	(0.05,0.1,0.1)	gppt	-	-	-
gat	dblp	node	True	edge_pred	dblp	edge	True	classification	(0.05,0.1,0.1)	graphprompt	False	-	-
gat	dblp	node	True	edge_pred	dblp	edge	True	classification	(0.05,0.1,0.1)	graphprompt	True	-	-
gat	dblp	node	True	edge_pred	dblp	edge	True	classification	(0.1,0.05,0.1)	all_in_one	-	-	-
gat	dblp	node	True	edge_pred	dblp	edge	True	classification	(0.1,0.05,0.1)	edgeprompt	-	-	False
gat	dblp	node	True	edge_pred	dblp	edge	True	classification	(0.1,0.05,0.1)	edgeprompt	-	-	True
gat	dblp	node	True	edge_pred	dblp	edge	True	classification	(0.1,0.05,0.1)	gpf	-	False	-
gat	dblp	node	True	edge_pred	dblp	edge	True	classification	(0.1,0.05,0.1)	gpf	-	True	-
gat	dblp	node	True	edge_pred	dblp	edge	True	classification	(0.1,0.05,0.1)	gppt	-	-	-
gat	dblp	node	True	edge_pred	dblp	edge	True	classification	(0.1,0.05,0.1)	graphprompt	False	-	-
gat	dblp	node	True	edge_pred	dblp	edge	True	classification	(0.1,0.05,0.1)	graphprompt	True	-	-
gat	dblp	node	True	infograph	dblp	edge	True	classification	(0.05,0.1,0.1)	all_in_one	-	-	-
gat	dblp	node	True	infograph	dblp	edge	True	classification	(0.05,0.1,0.1)	edgeprompt	-	-	False
gat	dblp	node	True	infograph	dblp	edge	True	classification	(0.05,0.1,0.1)	edgeprompt	-	-	True
gat	dblp	node	True	infograph	dblp	edge	True	classification	(0.05,0.1,0.1)	gpf	-	False	-
gat	dblp	node	True	infograph	dblp	edge	True	classification	(0.05,0.1,0.1)	gpf	-	True	-
gat	dblp	node	True	infograph	dblp	edge	True	classification	(0.05,0.1,0.1)	gppt	-	-	-
gat	dblp	node	True	infograph	dblp	edge	True	classification	(0.05,0.1,0.1)	graphprompt	False	-	-
gat	dblp	node	True	infograph	dblp	edge	True	classification	(0.05,0.1,0.1)	graphprompt	True	-	-
gat	dblp	node	True	infograph	dblp	edge	True	classification	(0.1,0.05,0.1)	all_in_one	-	-	-
gat	dblp	node	True	infograph	dblp	edge	True	classification	(0.1,0.05,0.1)	edgeprompt	-	-	False
gat	dblp	node	True	infograph	dblp	edge	True	classification	(0.1,0.05,0.1)	edgeprompt	-	-	True
gat	dblp	node	True	infograph	dblp	edge	True	classification	(0.1,0.05,0.1)	gpf	-	False	-
gat	dblp	node	True	infograph	dblp	edge	True	classification	(0.1,0.05,0.1)	gpf	-	True	-
gat	dblp	node	True	infograph	dblp	edge	True	classification	(0.1,0.05,0.1)	gppt	-	-	-
gat	dblp	node	True	infograph	dblp	edge	True	classification	(0.1,0.05,0.1)	graphprompt	False	-	-
gat	dblp	node	True	infograph	dblp	edge	True	classification	(0.1,0.05,0.1)	graphprompt	True	-	-
gat	dblp	node	True	graphcl	dblp	edge	True	classification	(0.05,0.1,0.1)	all_in_one	-	-	-
gat	dblp	node	True	graphcl	dblp	edge	True	classification	(0.05,0.1,0.1)	edgeprompt	-	-	False
gat	dblp	node	True	graphcl	dblp	edge	True	classification	(0.05,0.1,0.1)	edgeprompt	-	-	True
gat	dblp	node	True	graphcl	dblp	edge	True	classification	(0.05,0.1,0.1)	gpf	-	False	-
gat	dblp	node	True	graphcl	dblp	edge	True	classification	(0.05,0.1,0.1)	gpf	-	True	-
gat	dblp	node	True	graphcl	dblp	edge	True	classification	(0.05,0.1,0.1)	gppt	-	-	-
gat	dblp	node	True	graphcl	dblp	edge	True	classification	(0.05,0.1,0.1)	graphprompt	False	-	-
gat	dblp	node	True	graphcl	dblp	edge	True	classification	(0.05,0.1,0.1)	graphprompt	True	-	-
gat	dblp	node	True	graphcl	dblp	edge	True	classification	(0.1,0.05,0.1)	all_in_one	-	-	-
gat	dblp	node	True	graphcl	dblp	edge	True	classification	(0.1,0.05,0.1)	edgeprompt	-	-	False
gat	dblp	node	True	graphcl	dblp	edge	True	classification	(0.1,0.05,0.1)	edgeprompt	-	-	True
gat	dblp	node	True	graphcl	dblp	edge	True	classification	(0.1,0.05,0.1)	gpf	-	False	-
gat	dblp	node	True	graphcl	dblp	edge	True	classification	(0.1,0.05,0.1)	gpf	-	True	-
gat	dblp	node	True	graphcl	dblp	edge	True	classification	(0.1,0.05,0.1)	gppt	-	-	-
gat	dblp	node	True	graphcl	dblp	edge	True	classification	(0.1,0.05,0.1)	graphprompt	False	-	-
gat	dblp	node	True	graphcl	dblp	edge	True	classification	(0.1,0.05,0.1)	graphprompt	True	-	-
gat	airports	node	True	attr_masking	airports	node	True	classification	(5,0.0,1.0)	pronog	-	-	-
gat	ogbn-arxiv	node	True	attr_masking	ogbn-arxiv	node	True	classification	(5,0.0,1.0)	pronog	-	-	-
gat	qm7b	graph	False	attr_masking	qm7b	graph	False	regression	(5,0.0,1.0)	pronog	-	-	-
gat	toxcast	graph	False	attr_masking	toxcast	graph	False	classification	(5,0.0,1.0)	pronog	-	-	-
gat	mnist	graph	False	attr_masking	mnist	graph	False	classification	(5,0.0,1.0)	pronog	-	-	-
gat	chameleon	node	True	attr_masking	chameleon	node	True	classification	(5,0.0,1.0)	pronog	-	-	-
gat	cornell	node	True	attr_masking	cornell	edge	True	classification	(0.05,0.1,0.1)	pronog	-	-	-
gat	airports	node	True	attr_masking	airports	node	True	classification	(100,0.0,1.0)	pronog	-	-	-
gat	ogbn-arxiv	node	True	attr_masking	ogbn-arxiv	node	True	classification	(100,0.0,1.0)	pronog	-	-	-
gat	qm7b	graph	False	attr_masking	qm7b	graph	False	regression	(100,0.0,1.0)	pronog	-	-	-
gat	toxcast	graph	False	attr_masking	toxcast	graph	False	classification	(100,0.0,1.0)	pronog	-	-	-
gat	mnist	graph	False	attr_masking	mnist	graph	False	classification	(100,0.0,1.0)	pronog	-	-	-
gat	chameleon	node	True	attr_masking	chameleon	node	True	classification	(100,0.0,1.0)	pronog	-	-	-
gat	cornell	node	True	attr_masking	cornell	edge	True	classification	(0.1,0.05,0.1)	pronog	-	-	-
gat	airports	node	True	context_pred	airports	node	True	classification	(5,0.0,1.0)	pronog	-	-	-
gat	ogbn-arxiv	node	True	context_pred	ogbn-arxiv	node	True	classification	(5,0.0,1.0)	pronog	-	-	-
gat	qm7b	graph	False	context_pred	qm7b	graph	False	regression	(5,0.0,1.0)	pronog	-	-	-
gat	toxcast	graph	False	context_pred	toxcast	graph	False	classification	(5,0.0,1.0)	pronog	-	-	-
gat	mnist	graph	False	context_pred	mnist	graph	False	classification	(5,0.0,1.0)	pronog	-	-	-
gat	chameleon	node	True	context_pred	chameleon	node	True	classification	(5,0.0,1.0)	pronog	-	-	-
gat	cornell	node	True	context_pred	cornell	edge	True	classification	(0.05,0.1,0.1)	pronog	-	-	-
gat	airports	node	True	context_pred	airports	node	True	classification	(100,0.0,1.0)	pronog	-	-	-
gat	ogbn-arxiv	node	True	context_pred	ogbn-arxiv	node	True	classification	(100,0.0,1.0)	pronog	-	-	-
gat	qm7b	graph	False	context_pred	qm7b	graph	False	regression	(100,0.0,1.0)	pronog	-	-	-
gat	toxcast	graph	False	context_pred	toxcast	graph	False	classification	(100,0.0,1.0)	pronog	-	-	-
gat	mnist	graph	False	context_pred	mnist	graph	False	classification	(100,0.0,1.0)	pronog	-	-	-
gat	chameleon	node	True	context_pred	chameleon	node	True	classification	(100,0.0,1.0)	pronog	-	-	-
gat	cornell	node	True	context_pred	cornell	edge	True	classification	(0.1,0.05,0.1)	pronog	-	-	-
gat	airports	node	True	dgi	airports	node	True	classification	(5,0.0,1.0)	pronog	-	-	-
gat	ogbn-arxiv	node	True	dgi	ogbn-arxiv	node	True	classification	(5,0.0,1.0)	pronog	-	-	-
gat	qm7b	graph	False	dgi	qm7b	graph	False	regression	(5,0.0,1.0)	pronog	-	-	-
gat	toxcast	graph	False	dgi	toxcast	graph	False	classification	(5,0.0,1.0)	pronog	-	-	-
gat	mnist	graph	False	dgi	mnist	graph	False	classification	(5,0.0,1.0)	pronog	-	-	-
gat	chameleon	node	True	dgi	chameleon	node	True	classification	(5,0.0,1.0)	pronog	-	-	-
gat	cornell	node	True	dgi	cornell	edge	True	classification	(0.05,0.1,0.1)	pronog	-	-	-
gat	airports	node	True	dgi	airports	node	True	classification	(100,0.0,1.0)	pronog	-	-	-
gat	ogbn-arxiv	node	True	dgi	ogbn-arxiv	node	True	classification	(100,0.0,1.0)	pronog	-	-	-
gat	qm7b	graph	False	dgi	qm7b	graph	False	regression	(100,0.0,1.0)	pronog	-	-	-
gat	toxcast	graph	False	dgi	toxcast	graph	False	classification	(100,0.0,1.0)	pronog	-	-	-
gat	mnist	graph	False	dgi	mnist	graph	False	classification	(100,0.0,1.0)	pronog	-	-	-
gat	chameleon	node	True	dgi	chameleon	node	True	classification	(100,0.0,1.0)	pronog	-	-	-
gat	cornell	node	True	dgi	cornell	edge	True	classification	(0.1,0.05,0.1)	pronog	-	-	-
gat	airports	node	True	edge_pred	airports	node	True	classification	(5,0.0,1.0)	pronog	-	-	-
gat	ogbn-arxiv	node	True	edge_pred	ogbn-arxiv	node	True	classification	(5,0.0,1.0)	pronog	-	-	-
gat	qm7b	graph	False	edge_pred	qm7b	graph	False	regression	(5,0.0,1.0)	pronog	-	-	-
gat	toxcast	graph	False	edge_pred	toxcast	graph	False	classification	(5,0.0,1.0)	pronog	-	-	-
gat	mnist	graph	False	edge_pred	mnist	graph	False	classification	(5,0.0,1.0)	pronog	-	-	-
gat	chameleon	node	True	edge_pred	chameleon	node	True	classification	(5,0.0,1.0)	pronog	-	-	-
gat	cornell	node	True	edge_pred	cornell	edge	True	classification	(0.05,0.1,0.1)	pronog	-	-	-
gat	airports	node	True	edge_pred	airports	node	True	classification	(100,0.0,1.0)	pronog	-	-	-
gat	ogbn-arxiv	node	True	edge_pred	ogbn-arxiv	node	True	classification	(100,0.0,1.0)	pronog	-	-	-
gat	qm7b	graph	False	edge_pred	qm7b	graph	False	regression	(100,0.0,1.0)	pronog	-	-	-
gat	toxcast	graph	False	edge_pred	toxcast	graph	False	classification	(100,0.0,1.0)	pronog	-	-	-
gat	mnist	graph	False	edge_pred	mnist	graph	False	classification	(100,0.0,1.0)	pronog	-	-	-
gat	chameleon	node	True	edge_pred	chameleon	node	True	classification	(100,0.0,1.0)	pronog	-	-	-
gat	cornell	node	True	edge_pred	cornell	edge	True	classification	(0.1,0.05,0.1)	pronog	-	-	-
gat	airports	node	True	infograph	airports	node	True	classification	(5,0.0,1.0)	pronog	-	-	-
gat	ogbn-arxiv	node	True	infograph	ogbn-arxiv	node	True	classification	(5,0.0,1.0)	pronog	-	-	-
gat	qm7b	graph	False	infograph	qm7b	graph	False	regression	(5,0.0,1.0)	pronog	-	-	-
gat	toxcast	graph	False	infograph	toxcast	graph	False	classification	(5,0.0,1.0)	pronog	-	-	-
gat	mnist	graph	False	infograph	mnist	graph	False	classification	(5,0.0,1.0)	pronog	-	-	-
gat	chameleon	node	True	infograph	chameleon	node	True	classification	(5,0.0,1.0)	pronog	-	-	-
gat	cornell	node	True	infograph	cornell	edge	True	classification	(0.05,0.1,0.1)	pronog	-	-	-
gat	airports	node	True	infograph	airports	node	True	classification	(100,0.0,1.0)	pronog	-	-	-
gat	ogbn-arxiv	node	True	infograph	ogbn-arxiv	node	True	classification	(100,0.0,1.0)	pronog	-	-	-
gat	qm7b	graph	False	infograph	qm7b	graph	False	regression	(100,0.0,1.0)	pronog	-	-	-
gat	toxcast	graph	False	infograph	toxcast	graph	False	classification	(100,0.0,1.0)	pronog	-	-	-
gat	mnist	graph	False	infograph	mnist	graph	False	classification	(100,0.0,1.0)	pronog	-	-	-
gat	chameleon	node	True	infograph	chameleon	node	True	classification	(100,0.0,1.0)	pronog	-	-	-
gat	cornell	node	True	infograph	cornell	edge	True	classification	(0.1,0.05,0.1)	pronog	-	-	-
gat	airports	node	True	graphcl	airports	node	True	classification	(5,0.0,1.0)	pronog	-	-	-
gat	ogbn-arxiv	node	True	graphcl	ogbn-arxiv	node	True	classification	(5,0.0,1.0)	pronog	-	-	-
gat	qm7b	graph	False	graphcl	qm7b	graph	False	regression	(5,0.0,1.0)	pronog	-	-	-
gat	toxcast	graph	False	graphcl	toxcast	graph	False	classification	(5,0.0,1.0)	pronog	-	-	-
gat	mnist	graph	False	graphcl	mnist	graph	False	classification	(5,0.0,1.0)	pronog	-	-	-
gat	chameleon	node	True	graphcl	chameleon	node	True	classification	(5,0.0,1.0)	pronog	-	-	-
gat	cornell	node	True	graphcl	cornell	edge	True	classification	(0.05,0.1,0.1)	pronog	-	-	-
gat	airports	node	True	graphcl	airports	node	True	classification	(100,0.0,1.0)	pronog	-	-	-
gat	ogbn-arxiv	node	True	graphcl	ogbn-arxiv	node	True	classification	(100,0.0,1.0)	pronog	-	-	-
gat	qm7b	graph	False	graphcl	qm7b	graph	False	regression	(100,0.0,1.0)	pronog	-	-	-
gat	toxcast	graph	False	graphcl	toxcast	graph	False	classification	(100,0.0,1.0)	pronog	-	-	-
gat	mnist	graph	False	graphcl	mnist	graph	False	classification	(100,0.0,1.0)	pronog	-	-	-
gat	chameleon	node	True	graphcl	chameleon	node	True	classification	(100,0.0,1.0)	pronog	-	-	-
gat	cornell	node	True	graphcl	cornell	edge	True	classification	(0.1,0.05,0.1)	pronog	-	-	-
gat	photo	node	True	attr_masking	photo	node	True	classification	(5,0.0,1.0)	pronog	-	-	-
gat	photo	node	True	attr_masking	photo	node	True	classification	(100,0.0,1.0)	pronog	-	-	-
gat	photo	node	True	context_pred	photo	node	True	classification	(5,0.0,1.0)	pronog	-	-	-
gat	photo	node	True	context_pred	photo	node	True	classification	(100,0.0,1.0)	pronog	-	-	-
gat	photo	node	True	dgi	photo	node	True	classification	(5,0.0,1.0)	pronog	-	-	-
gat	photo	node	True	dgi	photo	node	True	classification	(100,0.0,1.0)	pronog	-	-	-
gat	photo	node	True	edge_pred	photo	node	True	classification	(5,0.0,1.0)	pronog	-	-	-
gat	photo	node	True	edge_pred	photo	node	True	classification	(100,0.0,1.0)	pronog	-	-	-
gat	photo	node	True	infograph	photo	node	True	classification	(5,0.0,1.0)	pronog	-	-	-
gat	photo	node	True	infograph	photo	node	True	classification	(100,0.0,1.0)	pronog	-	-	-
gat	photo	node	True	graphcl	photo	node	True	classification	(5,0.0,1.0)	pronog	-	-	-
gat	photo	node	True	graphcl	photo	node	True	classification	(100,0.0,1.0)	pronog	-	-	-
gat	dblp	node	True	attr_masking	dblp	edge	True	classification	(0.05,0.1,0.1)	pronog	-	-	-
gat	dblp	node	True	attr_masking	dblp	edge	True	classification	(0.1,0.05,0.1)	pronog	-	-	-
gat	dblp	node	True	context_pred	dblp	edge	True	classification	(0.05,0.1,0.1)	pronog	-	-	-
gat	dblp	node	True	context_pred	dblp	edge	True	classification	(0.1,0.05,0.1)	pronog	-	-	-
gat	dblp	node	True	dgi	dblp	edge	True	classification	(0.05,0.1,0.1)	pronog	-	-	-
gat	dblp	node	True	dgi	dblp	edge	True	classification	(0.1,0.05,0.1)	pronog	-	-	-
gat	dblp	node	True	edge_pred	dblp	edge	True	classification	(0.05,0.1,0.1)	pronog	-	-	-
gat	dblp	node	True	edge_pred	dblp	edge	True	classification	(0.1,0.05,0.1)	pronog	-	-	-
gat	dblp	node	True	infograph	dblp	edge	True	classification	(0.05,0.1,0.1)	pronog	-	-	-
gat	dblp	node	True	infograph	dblp	edge	True	classification	(0.1,0.05,0.1)	pronog	-	-	-
gat	dblp	node	True	graphcl	dblp	edge	True	classification	(0.05,0.1,0.1)	pronog	-	-	-
gat	dblp	node	True	graphcl	dblp	edge	True	classification	(0.1,0.05,0.1)	pronog	-	-	-
